"JD","YY","MM","DD","moc","Quarter","qyyyy"
4885.5,2017,8,16,18.066187,4,"2017-4"
4886,2017,8,17,18.33054,4,"2017-4"
4886.5,2017,8,17,18.601771,4,"2017-4"
4887,2017,8,18,18.863929,4,"2017-4"
4887.5,2017,8,18,19.100318,4,"2017-4"
4888,2017,8,19,19.295263,4,"2017-4"
4888.5,2017,8,19,19.435829,4,"2017-4"
4889,2017,8,20,19.51326,4,"2017-4"
4889.5,2017,8,20,19.523971,4,"2017-4"
4890,2017,8,21,19.469979,4,"2017-4"
4890.5,2017,8,21,19.358699,4,"2017-4"
4891,2017,8,22,19.202145,4,"2017-4"
4891.5,2017,8,22,19.015627,4,"2017-4"
4892,2017,8,23,18.816096,4,"2017-4"
4892.5,2017,8,23,18.620342,4,"2017-4"
4893,2017,8,24,18.443259,4,"2017-4"
4893.5,2017,8,24,18.296373,4,"2017-4"
4894,2017,8,25,18.1868,4,"2017-4"
4894.5,2017,8,25,18.116747,4,"2017-4"
4895,2017,8,26,18.083597,4,"2017-4"
4895.5,2017,8,26,18.080537,4,"2017-4"
4896,2017,8,27,18.097633,4,"2017-4"
4896.5,2017,8,27,18.123201,4,"2017-4"
4897,2017,8,28,18.145299,4,"2017-4"
4897.5,2017,8,28,18.153149,4,"2017-4"
4898,2017,8,29,18.138327,4,"2017-4"
4898.5,2017,8,29,18.095604,4,"2017-4"
4899,2017,8,30,18.023356,4,"2017-4"
4899.5,2017,8,30,17.923535,4,"2017-4"
4900,2017,8,31,17.801228,4,"2017-4"
4900.5,2017,8,31,17.663897,4,"2017-4"
4901,2017,9,1,17.520397,4,"2017-4"
4901.5,2017,9,1,17.379904,4,"2017-4"
4902,2017,9,2,17.250872,4,"2017-4"
4902.5,2017,9,2,17.140136,4,"2017-4"
4903,2017,9,3,17.052235,4,"2017-4"
4903.5,2017,9,3,16.989028,4,"2017-4"
4904,2017,9,4,16.949623,4,"2017-4"
4904.5,2017,9,4,16.93062,4,"2017-4"
4905,2017,9,5,16.926632,4,"2017-4"
4905.5,2017,9,5,16.931013,4,"2017-4"
4906,2017,9,6,16.936719,4,"2017-4"
4906.5,2017,9,6,16.937176,4,"2017-4"
4907,2017,9,7,16.927068,4,"2017-4"
4907.5,2017,9,7,16.902929,4,"2017-4"
4908,2017,9,8,16.86347,4,"2017-4"
4908.5,2017,9,8,16.809593,4,"2017-4"
4909,2017,9,9,16.744103,4,"2017-4"
4909.5,2017,9,9,16.671151,4,"2017-4"
4910,2017,9,10,16.595508,4,"2017-4"
4910.5,2017,9,10,16.521768,4,"2017-4"
4911,2017,9,11,16.453617,4,"2017-4"
4911.5,2017,9,11,16.39328,4,"2017-4"
4912,2017,9,12,16.341238,4,"2017-4"
4912.5,2017,9,12,16.296267,4,"2017-4"
4913,2017,9,13,16.255796,4,"2017-4"
4913.5,2017,9,13,16.216521,4,"2017-4"
4914,2017,9,14,16.175161,4,"2017-4"
4914.5,2017,9,14,16.129214,4,"2017-4"
4915,2017,9,15,16.077555,4,"2017-4"
4915.5,2017,9,15,16.020725,4,"2017-4"
4916,2017,9,16,15.960839,4,"2017-4"
4916.5,2017,9,16,15.901092,4,"2017-4"
4917,2017,9,17,15.844923,4,"2017-4"
4917.5,2017,9,17,15.794978,4,"2017-4"
4918,2017,9,18,15.752065,4,"2017-4"
4918.5,2017,9,18,15.714302,4,"2017-4"
4919,2017,9,19,15.676658,4,"2017-4"
4919.5,2017,9,19,15.631019,4,"2017-4"
4920,2017,9,20,15.566848,4,"2017-4"
4920.5,2017,9,20,15.472392,4,"2017-4"
4921,2017,9,21,15.33631,4,"2017-4"
4921.5,2017,9,21,15.14952,4,"2017-4"
4922,2017,9,22,14.906984,4,"2017-4"
4922.5,2017,9,22,14.60918,4,"2017-4"
4923,2017,9,23,14.263012,4,"2017-4"
4923.5,2017,9,23,13.881983,4,"2017-4"
4924,2017,9,24,13.485556,4,"2017-4"
4924.5,2017,9,24,13.097738,4,"2017-4"
4925,2017,9,25,12.745028,4,"2017-4"
4925.5,2017,9,25,12.45396,4,"2017-4"
4926,2017,9,26,12.248528,4,"2017-4"
4926.5,2017,9,26,12.147809,4,"2017-4"
4927,2017,9,27,12.164062,4,"2017-4"
4927.5,2017,9,27,12.30153,4,"2017-4"
4928,2017,9,28,12.556086,4,"2017-4"
4928.5,2017,9,28,12.915754,4,"2017-4"
4929,2017,9,29,13.362029,4,"2017-4"
4929.5,2017,9,29,13.871822,4,"2017-4"
4930,2017,9,30,14.419799,4,"2017-4"
4930.5,2017,9,30,14.980821,4,"2017-4"
4931,2017,10,1,15.532208,4,"2017-4"
4931.5,2017,10,1,16.055574,4,"2017-4"
4932,2017,10,2,16.538046,4,"2017-4"
4932.5,2017,10,2,16.97275,4,"2017-4"
4933,2017,10,3,17.358564,4,"2017-4"
4933.5,2017,10,3,17.699193,4,"2017-4"
4934,2017,10,4,18.001722,4,"2017-4"
4934.5,2017,10,4,18.274846,4,"2017-4"
4935,2017,10,5,18.527012,4,"2017-4"
4935.5,2017,10,5,18.764711,4,"2017-4"
4936,2017,10,6,18.991137,4,"2017-4"
4936.5,2017,10,6,19.205371,4,"2017-4"
4937,2017,10,7,19.402209,4,"2017-4"
4937.5,2017,10,7,19.572644,4,"2017-4"
4938,2017,10,8,19.704961,4,"2017-4"
4938.5,2017,10,8,19.786297,4,"2017-4"
4939,2017,10,9,19.804484,4,"2017-4"
4939.5,2017,10,9,19.749941,4,"2017-4"
4940,2017,10,10,19.617369,4,"2017-4"
4940.5,2017,10,10,19.407019,4,"2017-4"
4941,2017,10,11,19.125377,4,"2017-4"
4941.5,2017,10,11,18.78514,4,"2017-4"
4942,2017,10,12,18.404486,4,"2017-4"
4942.5,2017,10,12,18.005705,4,"2017-4"
4943,2017,10,13,17.613345,4,"2017-4"
4943.5,2017,10,13,17.252105,4,"2017-4"
4944,2017,10,14,16.944696,4,"2017-4"
4944.5,2017,10,14,16.709937,4,"2017-4"
4945,2017,10,15,16.561271,4,"2017-4"
4945.5,2017,10,15,16.505856,4,"2017-4"
4946,2017,10,16,16.544293,4,"2017-4"
4946.5,2017,10,16,16.670961,4,"2017-4"
4947,2017,10,17,16.874888,4,"2017-4"
4947.5,2017,10,17,17.140988,4,"2017-4"
4948,2017,10,18,17.451534,4,"2017-4"
4948.5,2017,10,18,17.78767,4,"2017-4"
4949,2017,10,19,18.130839,4,"2017-4"
4949.5,2017,10,19,18.464024,4,"2017-4"
4950,2017,10,20,18.77274,4,"2017-4"
4950.5,2017,10,20,19.045759,4,"2017-4"
4951,2017,10,21,19.275576,4,"2017-4"
4951.5,2017,10,21,19.458635,4,"2017-4"
4952,2017,10,22,19.595347,4,"2017-4"
4952.5,2017,10,22,19.689918,4,"2017-4"
4953,2017,10,23,19.749991,4,"2017-4"
4953.5,2017,10,23,19.786111,4,"2017-4"
4954,2017,10,24,19.811011,4,"2017-4"
4954.5,2017,10,24,19.838714,4,"2017-4"
4955,2017,10,25,19.883487,4,"2017-4"
4955.5,2017,10,25,19.958674,4,"2017-4"
4956,2017,10,26,20.075502,4,"2017-4"
4956.5,2017,10,26,20.241932,4,"2017-4"
4957,2017,10,27,20.461704,4,"2017-4"
4957.5,2017,10,27,20.733671,4,"2017-4"
4958,2017,10,28,21.051553,4,"2017-4"
4958.5,2017,10,28,21.404163,4,"2017-4"
4959,2017,10,29,21.776153,4,"2017-4"
4959.5,2017,10,29,22.14922,4,"2017-4"
4960,2017,10,30,22.503703,4,"2017-4"
4960.5,2017,10,30,22.820393,4,"2017-4"
4961,2017,10,31,23.082401,4,"2017-4"
4961.5,2017,10,31,23.276856,4,"2017-4"
4962,2017,11,1,23.396261,4,"2017-4"
4962.5,2017,11,1,23.439332,4,"2017-4"
4963,2017,11,2,23.41121,4,"2017-4"
4963.5,2017,11,2,23.323002,4,"2017-4"
4964,2017,11,3,23.190657,4,"2017-4"
4964.5,2017,11,3,23.033296,4,"2017-4"
4965,2017,11,4,22.871126,4,"2017-4"
4965.5,2017,11,4,22.723177,4,"2017-4"
4966,2017,11,5,22.605079,4,"2017-4"
4966.5,2017,11,5,22.527146,4,"2017-4"
4967,2017,11,6,22.492972,4,"2017-4"
4967.5,2017,11,6,22.498728,4,"2017-4"
4968,2017,11,7,22.533258,4,"2017-4"
4968.5,2017,11,7,22.579009,4,"2017-4"
4969,2017,11,8,22.613719,4,"2017-4"
4969.5,2017,11,8,22.612734,4,"2017-4"
4970,2017,11,9,22.551716,4,"2017-4"
4970.5,2017,11,9,22.409493,4,"2017-4"
4971,2017,11,10,22.170771,4,"2017-4"
4971.5,2017,11,10,21.828404,4,"2017-4"
4972,2017,11,11,21.384999,4,"2017-4"
4972.5,2017,11,11,20.853664,4,"2017-4"
4973,2017,11,12,20.257764,4,"2017-4"
4973.5,2017,11,12,19.629678,4,"2017-4"
4974,2017,11,13,19.0086,4,"2017-4"
4974.5,2017,11,13,18.43754,4,"2017-4"
4975,2017,11,14,17.959737,4,"2017-4"
4975.5,2017,11,14,17.614803,4,"2017-4"
4976,2017,11,15,17.434908,4,"2017-4"
4976.5,2017,11,15,17.441399,4,"2017-4"
4977,2017,11,16,17.642182,4,"2017-4"
4977.5,2017,11,16,18.030176,4,"2017-4"
4978,2017,11,17,18.583061,4,"2017-4"
4978.5,2017,11,17,19.264418,4,"2017-4"
4979,2017,11,18,20.026217,4,"2017-4"
4979.5,2017,11,18,20.812488,4,"2017-4"
4980,2017,11,19,21.563835,4,"2017-4"
4980.5,2017,11,19,22.222414,4,"2017-4"
4981,2017,11,20,22.736844,4,"2017-4"
4981.5,2017,11,20,23.066604,4,"2017-4"
4982,2017,11,21,23.185436,4,"2017-4"
4982.5,2017,11,21,23.083405,4,"2017-4"
4983,2017,11,22,22.76741,4,"2017-4"
4983.5,2017,11,22,22.260086,4,"2017-4"
4984,2017,11,23,21.597225,4,"2017-4"
4984.5,2017,11,23,20.824026,4,"2017-4"
4985,2017,11,24,19.990579,4,"2017-4"
4985.5,2017,11,24,19.147112,4,"2017-4"
4986,2017,11,25,18.339522,4,"2017-4"
4986.5,2017,11,25,17.605663,4,"2017-4"
4987,2017,11,26,16.972784,4,"2017-4"
4987.5,2017,11,26,16.456328,4,"2017-4"
4988,2017,11,27,16.06014,4,"2017-4"
4988.5,2017,11,27,15.777963,4,"2017-4"
4989,2017,11,28,15.595942,4,"2017-4"
4989.5,2017,11,28,15.495745,4,"2017-4"
4990,2017,11,29,15.457857,4,"2017-4"
4990.5,2017,11,29,15.464613,4,"2017-4"
4991,2017,11,30,15.502579,4,"2017-4"
4991.5,2017,11,30,15.564024,4,"2017-4"
4992,2017,12,1,15.647337,5,"2017-5"
4992.5,2017,12,1,15.756401,5,"2017-5"
4993,2017,12,2,15.899083,5,"2017-5"
4993.5,2017,12,2,16.085103,5,"2017-5"
4994,2017,12,3,16.323615,5,"2017-5"
4994.5,2017,12,3,16.620875,5,"2017-5"
4995,2017,12,4,16.978327,5,"2017-5"
4995.5,2017,12,4,17.391374,5,"2017-5"
4996,2017,12,5,17.849004,5,"2017-5"
4996.5,2017,12,5,18.334299,5,"2017-5"
4997,2017,12,6,18.825776,5,"2017-5"
4997.5,2017,12,6,19.29934,5,"2017-5"
4998,2017,12,7,19.730626,5,"2017-5"
4998.5,2017,12,7,20.097405,5,"2017-5"
4999,2017,12,8,20.381787,5,"2017-5"
4999.5,2017,12,8,20.571945,5,"2017-5"
5000,2017,12,9,20.66319,5,"2017-5"
5000.5,2017,12,9,20.658298,5,"2017-5"
5001,2017,12,10,20.567081,5,"2017-5"
5001.5,2017,12,10,20.405291,5,"2017-5"
5002,2017,12,11,20.193015,5,"2017-5"
5002.5,2017,12,11,19.952757,5,"2017-5"
5003,2017,12,12,19.707444,5,"2017-5"
5003.5,2017,12,12,19.478558,5,"2017-5"
5004,2017,12,13,19.284579,5,"2017-5"
5004.5,2017,12,13,19.139861,5,"2017-5"
5005,2017,12,14,19.054024,5,"2017-5"
5005.5,2017,12,14,19.031837,5,"2017-5"
5006,2017,12,15,19.073576,5,"2017-5"
5006.5,2017,12,15,19.175728,5,"2017-5"
5007,2017,12,16,19.331948,5,"2017-5"
5007.5,2017,12,16,19.534102,5,"2017-5"
5008,2017,12,17,19.773293,5,"2017-5"
5008.5,2017,12,17,20.040728,5,"2017-5"
5009,2017,12,18,20.32835,5,"2017-5"
5009.5,2017,12,18,20.629183,5,"2017-5"
5010,2017,12,19,20.937386,5,"2017-5"
5010.5,2017,12,19,21.248044,5,"2017-5"
5011,2017,12,20,21.556775,5,"2017-5"
5011.5,2017,12,20,21.859255,5,"2017-5"
5012,2017,12,21,22.150767,5,"2017-5"
5012.5,2017,12,21,22.425899,5,"2017-5"
5013,2017,12,22,22.678447,5,"2017-5"
5013.5,2017,12,22,22.901597,5,"2017-5"
5014,2017,12,23,23.08836,5,"2017-5"
5014.5,2017,12,23,23.23222,5,"2017-5"
5015,2017,12,24,23.327883,5,"2017-5"
5015.5,2017,12,24,23.372024,5,"2017-5"
5016,2017,12,25,23.363874,5,"2017-5"
5016.5,2017,12,25,23.305543,5,"2017-5"
5017,2017,12,26,23.201967,5,"2017-5"
5017.5,2017,12,26,23.06045,5,"2017-5"
5018,2017,12,27,22.889824,5,"2017-5"
5018.5,2017,12,27,22.699291,5,"2017-5"
5019,2017,12,28,22.497111,5,"2017-5"
5019.5,2017,12,28,22.289321,5,"2017-5"
5020,2017,12,29,22.078671,5,"2017-5"
5020.5,2017,12,29,21.864004,5,"2017-5"
5021,2017,12,30,21.640204,5,"2017-5"
5021.5,2017,12,30,21.39881,5,"2017-5"
5022,2017,12,31,21.129281,5,"2017-5"
5022.5,2017,12,31,20.82081,5,"2017-5"
5023,2018,1,1,20.464482,2,"2018-2"
5023.5,2018,1,1,20.055536,2,"2018-2"
5024,2018,1,2,19.595427,2,"2018-2"
5024.5,2018,1,2,19.093402,2,"2018-2"
5025,2018,1,3,18.567368,2,"2018-2"
5025.5,2018,1,3,18.043861,2,"2018-2"
5026,2018,1,4,17.557069,2,"2018-2"
5026.5,2018,1,4,17.14691,2,"2018-2"
5027,2018,1,5,16.856323,2,"2018-2"
5027.5,2018,1,5,16.727948,2,"2018-2"
5028,2018,1,6,16.800483,2,"2018-2"
5028.5,2018,1,6,17.105022,2,"2018-2"
5029,2018,1,7,17.661678,2,"2018-2"
5029.5,2018,1,7,18.476791,2,"2018-2"
5030,2018,1,8,19.54098,2,"2018-2"
5030.5,2018,1,8,20.828244,2,"2018-2"
5031,2018,1,9,22.296233,2,"2018-2"
5031.5,2018,1,9,23.887756,2,"2018-2"
5032,2018,1,10,25.53348,2,"2018-2"
5032.5,2018,1,10,27.155711,2,"2018-2"
5033,2018,1,11,28.673031,2,"2018-2"
5033.5,2018,1,11,30.005519,2,"2018-2"
5034,2018,1,12,31.080184,2,"2018-2"
5034.5,2018,1,12,31.836212,2,"2018-2"
5035,2018,1,13,32.229601,2,"2018-2"
5035.5,2018,1,13,32.236778,2,"2018-2"
5036,2018,1,14,31.856856,2,"2018-2"
5036.5,2018,1,14,31.112275,2,"2018-2"
5037,2018,1,15,30.047731,2,"2018-2"
5037.5,2018,1,15,28.727414,2,"2018-2"
5038,2018,1,16,27.230779,2,"2018-2"
5038.5,2018,1,16,25.647172,2,"2018-2"
5039,2018,1,17,24.069777,2,"2018-2"
5039.5,2018,1,17,22.589375,2,"2018-2"
5040,2018,1,18,21.288437,2,"2018-2"
5040.5,2018,1,18,20.236003,2,"2018-2"
5041,2018,1,19,19.483723,2,"2018-2"
5041.5,2018,1,19,19.063291,2,"2018-2"
5042,2018,1,20,18.985396,2,"2018-2"
5042.5,2018,1,20,19.24014,2,"2018-2"
5043,2018,1,21,19.798793,2,"2018-2"
5043.5,2018,1,21,20.61663,2,"2018-2"
5044,2018,1,22,21.636571,2,"2018-2"
5044.5,2018,1,22,22.793295,2,"2018-2"
5045,2018,1,23,24.017522,2,"2018-2"
5045.5,2018,1,23,25.240197,2,"2018-2"
5046,2018,1,24,26.396327,2,"2018-2"
5046.5,2018,1,24,27.428313,2,"2018-2"
5047,2018,1,25,28.288631,2,"2018-2"
5047.5,2018,1,25,28.941797,2,"2018-2"
5048,2018,1,26,29.365561,2,"2018-2"
5048.5,2018,1,26,29.551334,2,"2018-2"
5049,2018,1,27,29.503843,2,"2018-2"
5049.5,2018,1,27,29.240084,2,"2018-2"
5050,2018,1,28,28.787625,2,"2018-2"
5050.5,2018,1,28,28.182382,2,"2018-2"
5051,2018,1,29,27.466009,2,"2018-2"
5051.5,2018,1,29,26.683076,2,"2018-2"
5052,2018,1,30,25.878257,2,"2018-2"
5052.5,2018,1,30,25.093715,2,"2018-2"
5053,2018,1,31,24.366888,2,"2018-2"
5053.5,2018,1,31,23.72883,2,"2018-2"
5054,2018,2,1,23.203183,2,"2018-2"
5054.5,2018,2,1,22.805823,2,"2018-2"
5055,2018,2,2,22.545102,2,"2018-2"
5055.5,2018,2,2,22.422583,2,"2018-2"
5056,2018,2,3,22.434103,2,"2018-2"
5056.5,2018,2,3,22.570975,2,"2018-2"
5057,2018,2,4,22.821142,2,"2018-2"
5057.5,2018,2,4,23.170151,2,"2018-2"
5058,2018,2,5,23.601822,2,"2018-2"
5058.5,2018,2,5,24.098614,2,"2018-2"
5059,2018,2,6,24.641686,2,"2018-2"
5059.5,2018,2,6,25.210781,2,"2018-2"
5060,2018,2,7,25.784061,2,"2018-2"
5060.5,2018,2,7,26.338049,2,"2018-2"
5061,2018,2,8,26.847845,2,"2018-2"
5061.5,2018,2,8,27.287718,2,"2018-2"
5062,2018,2,9,27.632143,2,"2018-2"
5062.5,2018,2,9,27.857261,2,"2018-2"
5063,2018,2,10,27.942664,2,"2018-2"
5063.5,2018,2,10,27.873349,2,"2018-2"
5064,2018,2,11,27.641594,2,"2018-2"
5064.5,2018,2,11,27.248517,2,"2018-2"
5065,2018,2,12,26.705036,2,"2018-2"
5065.5,2018,2,12,26.032028,2,"2018-2"
5066,2018,2,13,25.259541,2,"2018-2"
5066.5,2018,2,13,24.425017,2,"2018-2"
5067,2018,2,14,23.570631,2,"2018-2"
5067.5,2018,2,14,22.739939,2,"2018-2"
5068,2018,2,15,21.974178,2,"2018-2"
5068.5,2018,2,15,21.308576,2,"2018-2"
5069,2018,2,16,20.769082,2,"2018-2"
5069.5,2018,2,16,20.369897,2,"2018-2"
5070,2018,2,17,20.112086,2,"2018-2"
5070.5,2018,2,17,19.983447,2,"2018-2"
5071,2018,2,18,19.959689,2,"2018-2"
5071.5,2018,2,18,20.006806,2,"2018-2"
5072,2018,2,19,20.084398,2,"2018-2"
5072.5,2018,2,19,20.149609,2,"2018-2"
5073,2018,2,20,20.161243,2,"2018-2"
5073.5,2018,2,20,20.083634,2,"2018-2"
5074,2018,2,21,19.889831,2,"2018-2"
5074.5,2018,2,21,19.563771,2,"2018-2"
5075,2018,2,22,19.101208,2,"2018-2"
5075.5,2018,2,22,18.5093,2,"2018-2"
5076,2018,2,23,17.804945,2,"2018-2"
5076.5,2018,2,23,17.01205,2,"2018-2"
5077,2018,2,24,16.158097,2,"2018-2"
5077.5,2018,2,24,15.270399,2,"2018-2"
5078,2018,2,25,14.372505,2,"2018-2"
5078.5,2018,2,25,13.481188,2,"2018-2"
5079,2018,2,26,12.604404,2,"2018-2"
5079.5,2018,2,26,11.740471,2,"2018-2"
5080,2018,2,27,10.878635,2,"2018-2"
5080.5,2018,2,27,10.000975,2,"2018-2"
5081,2018,2,28,9.0854851,2,"2018-2"
5081.5,2018,2,28,8.109974,2,"2018-2"
5082,2018,3,1,7.0563233,2,"2018-2"
5082.5,2018,3,1,5.9145583,2,"2018-2"
5083,2018,3,2,4.6861819,2,"2018-2"
5083.5,2018,3,2,3.3862848,2,"2018-2"
5084,2018,3,3,2.0440849,2,"2018-2"
5084.5,2018,3,3,0.70174033,2,"2018-2"
5085,2018,3,4,-0.58850213,2,"2018-2"
5085.5,2018,3,4,-1.7685469,2,"2018-2"
5086,2018,3,5,-2.779623,2,"2018-2"
5086.5,2018,3,5,-3.5678196,2,"2018-2"
5087,2018,3,6,-4.0893646,2,"2018-2"
5087.5,2018,3,6,-4.3150573,2,"2018-2"
5088,2018,3,7,-4.23336,2,"2018-2"
5088.5,2018,3,7,-3.8518047,2,"2018-2"
5089,2018,3,8,-3.1965532,2,"2018-2"
5089.5,2018,3,8,-2.310151,2,"2018-2"
5090,2018,3,9,-1.2477046,2,"2018-2"
5090.5,2018,3,9,-0.071885702,2,"2018-2"
5091,2018,3,10,1.1527152,2,"2018-2"
5091.5,2018,3,10,2.3652916,2,"2018-2"
5092,2018,3,11,3.5139838,2,"2018-2"
5092.5,2018,3,11,4.559968,2,"2018-2"
5093,2018,3,12,5.4800638,2,"2018-2"
5093.5,2018,3,12,6.2676224,2,"2018-2"
5094,2018,3,13,6.9316551,2,"2018-2"
5094.5,2018,3,13,7.4943622,2,"2018-2"
5095,2018,3,14,7.987397,2,"2018-2"
5095.5,2018,3,14,8.4473275,2,"2018-2"
5096,2018,3,15,8.9108289,2,"2018-2"
5096.5,2018,3,15,9.4101441,2,"2018-2"
5097,2018,3,16,9.9692868,2,"2018-2"
5097.5,2018,3,16,10.601355,2,"2018-2"
5098,2018,3,17,11.307181,2,"2018-2"
5098.5,2018,3,17,12.075376,2,"2018-2"
5099,2018,3,18,12.883695,2,"2018-2"
5099.5,2018,3,18,13.701494,2,"2018-2"
5100,2018,3,19,14.492967,2,"2018-2"
5100.5,2018,3,19,15.220805,2,"2018-2"
5101,2018,3,20,15.849872,2,"2018-2"
5101.5,2018,3,20,16.350551,2,"2018-2"
5102,2018,3,21,16.701452,2,"2018-2"
5102.5,2018,3,21,16.89125,2,"2018-2"
5103,2018,3,22,16.919526,2,"2018-2"
5103.5,2018,3,22,16.796582,2,"2018-2"
5104,2018,3,23,16.542284,2,"2018-2"
5104.5,2018,3,23,16.184101,2,"2018-2"
5105,2018,3,24,15.754536,2,"2018-2"
5105.5,2018,3,24,15.288238,2,"2018-2"
5106,2018,3,25,14.81906,2,"2018-2"
5106.5,2018,3,25,14.377355,2,"2018-2"
5107,2018,3,26,13.987754,2,"2018-2"
5107.5,2018,3,26,13.667627,2,"2018-2"
5108,2018,3,27,13.42634,2,"2018-2"
5108.5,2018,3,27,13.26536,2,"2018-2"
5109,2018,3,28,13.179156,2,"2018-2"
5109.5,2018,3,28,13.156758,2,"2018-2"
5110,2018,3,29,13.183782,2,"2018-2"
5110.5,2018,3,29,13.244668,2,"2018-2"
5111,2018,3,30,13.324868,2,"2018-2"
5111.5,2018,3,30,13.412735,2,"2018-2"
5112,2018,3,31,13.500902,2,"2018-2"
5112.5,2018,3,31,13.587007,2,"2018-2"
5113,2018,4,1,13.673706,3,"2018-3"
5113.5,2018,4,1,13.767995,3,"2018-3"
5114,2018,4,2,13.87994,3,"2018-3"
5114.5,2018,4,2,14.020973,3,"2018-3"
5115,2018,4,3,14.201965,3,"2018-3"
5115.5,2018,4,3,14.431293,3,"2018-3"
5116,2018,4,4,14.713128,3,"2018-3"
5116.5,2018,4,4,15.046135,3,"2018-3"
5117,2018,4,5,15.422766,3,"2018-3"
5117.5,2018,4,5,15.829223,3,"2018-3"
5118,2018,4,6,16.246163,3,"2018-3"
5118.5,2018,4,6,16.65008,3,"2018-3"
5119,2018,4,7,17.01526,3,"2018-3"
5119.5,2018,4,7,17.31612,3,"2018-3"
5120,2018,4,8,17.529686,3,"2018-3"
5120.5,2018,4,8,17.637927,3,"2018-3"
5121,2018,4,9,17.629704,3,"2018-3"
5121.5,2018,4,9,17.502078,3,"2018-3"
5122,2018,4,10,17.260858,3,"2018-3"
5122.5,2018,4,10,16.920293,3,"2018-3"
5123,2018,4,11,16.501988,3,"2018-3"
5123.5,2018,4,11,16.033144,3,"2018-3"
5124,2018,4,12,15.544336,3,"2018-3"
5124.5,2018,4,12,15.067075,3,"2018-3"
5125,2018,4,13,14.631389,3,"2018-3"
5125.5,2018,4,13,14.263645,3,"2018-3"
5126,2018,4,14,13.984802,3,"2018-3"
5126.5,2018,4,14,13.809179,3,"2018-3"
5127,2018,4,15,13.743815,3,"2018-3"
5127.5,2018,4,15,13.788399,3,"2018-3"
5128,2018,4,16,13.935729,3,"2018-3"
5128.5,2018,4,16,14.172619,3,"2018-3"
5129,2018,4,17,14.481152,3,"2018-3"
5129.5,2018,4,17,14.840173,3,"2018-3"
5130,2018,4,18,15.226912,3,"2018-3"
5130.5,2018,4,18,15.618616,3,"2018-3"
5131,2018,4,19,15.994091,3,"2018-3"
5131.5,2018,4,19,16.335018,3,"2018-3"
5132,2018,4,20,16.626985,3,"2018-3"
5132.5,2018,4,20,16.860126,3,"2018-3"
5133,2018,4,21,17.029345,3,"2018-3"
5133.5,2018,4,21,17.13412,3,"2018-3"
5134,2018,4,22,17.177933,3,"2018-3"
5134.5,2018,4,22,17.167413,3,"2018-3"
5135,2018,4,23,17.111318,3,"2018-3"
5135.5,2018,4,23,17.019476,3,"2018-3"
5136,2018,4,24,16.901848,3,"2018-3"
5136.5,2018,4,24,16.767795,3,"2018-3"
5137,2018,4,25,16.625647,3,"2018-3"
5137.5,2018,4,25,16.482587,3,"2018-3"
5138,2018,4,26,16.344841,3,"2018-3"
5138.5,2018,4,26,16.218098,3,"2018-3"
5139,2018,4,27,16.108048,3,"2018-3"
5139.5,2018,4,27,16.020927,3,"2018-3"
5140,2018,4,28,15.963913,3,"2018-3"
5140.5,2018,4,28,15.945283,3,"2018-3"
5141,2018,4,29,15.974227,3,"2018-3"
5141.5,2018,4,29,16.060292,3,"2018-3"
5142,2018,4,30,16.212485,3,"2018-3"
5142.5,2018,4,30,16.4381,3,"2018-3"
5143,2018,5,1,16.741417,3,"2018-3"
5143.5,2018,5,1,17.122424,3,"2018-3"
5144,2018,5,2,17.575754,3,"2018-3"
5144.5,2018,5,2,18.090001,3,"2018-3"
5145,2018,5,3,18.647563,3,"2018-3"
5145.5,2018,5,3,19.225093,3,"2018-3"
5146,2018,5,4,19.79458,3,"2018-3"
5146.5,2018,5,4,20.325032,3,"2018-3"
5147,2018,5,5,20.78462,3,"2018-3"
5147.5,2018,5,5,21.143147,3,"2018-3"
5148,2018,5,6,21.374611,3,"2018-3"
5148.5,2018,5,6,21.459644,3,"2018-3"
5149,2018,5,7,21.387595,3,"2018-3"
5149.5,2018,5,7,21.158048,3,"2018-3"
5150,2018,5,8,20.781613,3,"2018-3"
5150.5,2018,5,8,20.279883,3,"2018-3"
5151,2018,5,9,19.684501,3,"2018-3"
5151.5,2018,5,9,19.035404,3,"2018-3"
5152,2018,5,10,18.378309,3,"2018-3"
5152.5,2018,5,10,17.761653,3,"2018-3"
5153,2018,5,11,17.23319,3,"2018-3"
5153.5,2018,5,11,16.836516,3,"2018-3"
5154,2018,5,12,16.607793,3,"2018-3"
5154.5,2018,5,12,16.572948,3,"2018-3"
5155,2018,5,13,16.745567,3,"2018-3"
5155.5,2018,5,13,17.125675,3,"2018-3"
5156,2018,5,14,17.699515,3,"2018-3"
5156.5,2018,5,14,18.440351,3,"2018-3"
5157,2018,5,15,19.310251,3,"2018-3"
5157.5,2018,5,15,20.262721,3,"2018-3"
5158,2018,5,16,21.245972,3,"2018-3"
5158.5,2018,5,16,22.206583,3,"2018-3"
5159,2018,5,17,23.093251,3,"2018-3"
5159.5,2018,5,17,23.860355,3,"2018-3"
5160,2018,5,18,24.471034,3,"2018-3"
5160.5,2018,5,18,24.899567,3,"2018-3"
5161,2018,5,19,25.132871,3,"2018-3"
5161.5,2018,5,19,25.17103,3,"2018-3"
5162,2018,5,20,25.026821,3,"2018-3"
5162.5,2018,5,20,24.724308,3,"2018-3"
5163,2018,5,21,24.29664,3,"2018-3"
5163.5,2018,5,21,23.78322,3,"2018-3"
5164,2018,5,22,23.2265,3,"2018-3"
5164.5,2018,5,22,22.668651,3,"2018-3"
5165,2018,5,23,22.148365,3,"2018-3"
5165.5,2018,5,23,21.698051,3,"2018-3"
5166,2018,5,24,21.341613,3,"2018-3"
5166.5,2018,5,24,21.092996,3,"2018-3"
5167,2018,5,25,20.955575,3,"2018-3"
5167.5,2018,5,25,20.922428,3,"2018-3"
5168,2018,5,26,20.977426,3,"2018-3"
5168.5,2018,5,26,21.097043,3,"2018-3"
5169,2018,5,27,21.252685,3,"2018-3"
5169.5,2018,5,27,21.413342,3,"2018-3"
5170,2018,5,28,21.548305,3,"2018-3"
5170.5,2018,5,28,21.629721,3,"2018-3"
5171,2018,5,29,21.634766,3,"2018-3"
5171.5,2018,5,29,21.547292,3,"2018-3"
5172,2018,5,30,21.35882,3,"2018-3"
5172.5,2018,5,30,21.068871,3,"2018-3"
5173,2018,5,31,20.684644,3,"2018-3"
5173.5,2018,5,31,20.22015,3,"2018-3"
5174,2018,6,1,19.694898,3,"2018-3"
5174.5,2018,6,1,19.132308,3,"2018-3"
5175,2018,6,2,18.557971,3,"2018-3"
5175.5,2018,6,2,17.997896,3,"2018-3"
5176,2018,6,3,17.476862,3,"2018-3"
5176.5,2018,6,3,17.016954,3,"2018-3"
5177,2018,6,4,16.636335,3,"2018-3"
5177.5,2018,6,4,16.348323,3,"2018-3"
5178,2018,6,5,16.160777,3,"2018-3"
5178.5,2018,6,5,16.075828,3,"2018-3"
5179,2018,6,6,16.089956,3,"2018-3"
5179.5,2018,6,6,16.194412,3,"2018-3"
5180,2018,6,7,16.375958,3,"2018-3"
5180.5,2018,6,7,16.617887,3,"2018-3"
5181,2018,6,8,16.901256,3,"2018-3"
5181.5,2018,6,8,17.206242,3,"2018-3"
5182,2018,6,9,17.513537,3,"2018-3"
5182.5,2018,6,9,17.805643,3,"2018-3"
5183,2018,6,10,18.067995,3,"2018-3"
5183.5,2018,6,10,18.289796,3,"2018-3"
5184,2018,6,11,18.464511,3,"2018-3"
5184.5,2018,6,11,18.589976,3,"2018-3"
5185,2018,6,12,18.66813,3,"2018-3"
5185.5,2018,6,12,18.704403,3,"2018-3"
5186,2018,6,13,18.70683,3,"2018-3"
5186.5,2018,6,13,18.684983,3,"2018-3"
5187,2018,6,14,18.64883,3,"2018-3"
5187.5,2018,6,14,18.607636,3,"2018-3"
5188,2018,6,15,18.569004,3,"2018-3"
5188.5,2018,6,15,18.538138,3,"2018-3"
5189,2018,6,16,18.517391,3,"2018-3"
5189.5,2018,6,16,18.506123,3,"2018-3"
5190,2018,6,17,18.50086,3,"2018-3"
5190.5,2018,6,17,18.495736,3,"2018-3"
5191,2018,6,18,18.483152,3,"2018-3"
5191.5,2018,6,18,18.4546,3,"2018-3"
5192,2018,6,19,18.401548,3,"2018-3"
5192.5,2018,6,19,18.316327,3,"2018-3"
5193,2018,6,20,18.192923,3,"2018-3"
5193.5,2018,6,20,18.027614,3,"2018-3"
5194,2018,6,21,17.819386,3,"2018-3"
5194.5,2018,6,21,17.570117,3,"2018-3"
5195,2018,6,22,17.284507,3,"2018-3"
5195.5,2018,6,22,16.969772,3,"2018-3"
5196,2018,6,23,16.635137,3,"2018-3"
5196.5,2018,6,23,16.29118,3,"2018-3"
5197,2018,6,24,15.949083,3,"2018-3"
5197.5,2018,6,24,15.619857,3,"2018-3"
5198,2018,6,25,15.313591,3,"2018-3"
5198.5,2018,6,25,15.038802,3,"2018-3"
5199,2018,6,26,14.801917,3,"2018-3"
5199.5,2018,6,26,14.606935,3,"2018-3"
5200,2018,6,27,14.455291,3,"2018-3"
5200.5,2018,6,27,14.34594,3,"2018-3"
5201,2018,6,28,14.275634,3,"2018-3"
5201.5,2018,6,28,14.239399,3,"2018-3"
5202,2018,6,29,14.231144,3,"2018-3"
5202.5,2018,6,29,14.244365,3,"2018-3"
5203,2018,6,30,14.272881,3,"2018-3"
5203.5,2018,6,30,14.311514,3,"2018-3"
5204,2018,7,1,14.356678,3,"2018-3"
5204.5,2018,7,1,14.40679,3,"2018-3"
5205,2018,7,2,14.46248,3,"2018-3"
5205.5,2018,7,2,14.526569,3,"2018-3"
5206,2018,7,3,14.603807,3,"2018-3"
5206.5,2018,7,3,14.700395,3,"2018-3"
5207,2018,7,4,14.823318,3,"2018-3"
5207.5,2018,7,4,14.979542,3,"2018-3"
5208,2018,7,5,15.175142,3,"2018-3"
5208.5,2018,7,5,15.414429,3,"2018-3"
5209,2018,7,6,15.699153,3,"2018-3"
5209.5,2018,7,6,16.027868,3,"2018-3"
5210,2018,7,7,16.395521,3,"2018-3"
5210.5,2018,7,7,16.793343,3,"2018-3"
5211,2018,7,8,17.209063,3,"2018-3"
5211.5,2018,7,8,17.627484,3,"2018-3"
5212,2018,7,9,18.031395,3,"2018-3"
5212.5,2018,7,9,18.402776,3,"2018-3"
5213,2018,7,10,18.72422,3,"2018-3"
5213.5,2018,7,10,18.980444,3,"2018-3"
5214,2018,7,11,19.159779,3,"2018-3"
5214.5,2018,7,11,19.255461,3,"2018-3"
5215,2018,7,12,19.266604,3,"2018-3"
5215.5,2018,7,12,19.198712,3,"2018-3"
5216,2018,7,13,19.063646,3,"2018-3"
5216.5,2018,7,13,18.87902,3,"2018-3"
5217,2018,7,14,18.667037,3,"2018-3"
5217.5,2018,7,14,18.452844,3,"2018-3"
5218,2018,7,15,18.262577,3,"2018-3"
5218.5,2018,7,15,18.121244,3,"2018-3"
5219,2018,7,16,18.050668,3,"2018-3"
5219.5,2018,7,16,18.067697,3,"2018-3"
5220,2018,7,17,18.182837,3,"2018-3"
5220.5,2018,7,17,18.399444,3,"2018-3"
5221,2018,7,18,18.713543,3,"2018-3"
5221.5,2018,7,18,19.114259,3,"2018-3"
5222,2018,7,19,19.584804,3,"2018-3"
5222.5,2018,7,19,20.103899,3,"2018-3"
5223,2018,7,20,20.647482,3,"2018-3"
5223.5,2018,7,20,21.190533,3,"2018-3"
5224,2018,7,21,21.708851,3,"2018-3"
5224.5,2018,7,21,22.180635,3,"2018-3"
5225,2018,7,22,22.587756,3,"2018-3"
5225.5,2018,7,22,22.916635,3,"2018-3"
5226,2018,7,23,23.158693,3,"2018-3"
5226.5,2018,7,23,23.310384,3,"2018-3"
5227,2018,7,24,23.372846,3,"2018-3"
5227.5,2018,7,24,23.351243,3,"2018-3"
5228,2018,7,25,23.253892,3,"2018-3"
5228.5,2018,7,25,23.091267,3,"2018-3"
5229,2018,7,26,22.874975,3,"2018-3"
5229.5,2018,7,26,22.616794,3,"2018-3"
5230,2018,7,27,22.327828,3,"2018-3"
5230.5,2018,7,27,22.01785,3,"2018-3"
5231,2018,7,28,21.694853,3,"2018-3"
5231.5,2018,7,28,21.364832,3,"2018-3"
5232,2018,7,29,21.031803,3,"2018-3"
5232.5,2018,7,29,20.698034,3,"2018-3"
5233,2018,7,30,20.364465,3,"2018-3"
5233.5,2018,7,30,20.031253,3,"2018-3"
5234,2018,7,31,19.698398,3,"2018-3"
5234.5,2018,7,31,19.366361,3,"2018-3"
5235,2018,8,1,19.036603,4,"2018-4"
5235.5,2018,8,1,18.711987,4,"2018-4"
5236,2018,8,2,18.396969,4,"2018-4"
5236.5,2018,8,2,18.097561,4,"2018-4"
5237,2018,8,3,17.821053,4,"2018-4"
5237.5,2018,8,3,17.575508,4,"2018-4"
5238,2018,8,4,17.369095,4,"2018-4"
5238.5,2018,8,4,17.209316,4,"2018-4"
5239,2018,8,5,17.102235,4,"2018-4"
5239.5,2018,8,5,17.051779,4,"2018-4"
5240,2018,8,6,17.059226,4,"2018-4"
5240.5,2018,8,6,17.122931,4,"2018-4"
5241,2018,8,7,17.23835,4,"2018-4"
5241.5,2018,8,7,17.398355,4,"2018-4"
5242,2018,8,8,17.593829,4,"2018-4"
5242.5,2018,8,8,17.81447,4,"2018-4"
5243,2018,8,9,18.049713,4,"2018-4"
5243.5,2018,8,9,18.289671,4,"2018-4"
5244,2018,8,10,18.525975,4,"2018-4"
5244.5,2018,8,10,18.752421,4,"2018-4"
5245,2018,8,11,18.965343,4,"2018-4"
5245.5,2018,8,11,19.163671,4,"2018-4"
5246,2018,8,12,19.348669,4,"2018-4"
5246.5,2018,8,12,19.523394,4,"2018-4"
5247,2018,8,13,19.691947,4,"2018-4"
5247.5,2018,8,13,19.858609,4,"2018-4"
5248,2018,8,14,20.026989,4,"2018-4"
5248.5,2018,8,14,20.199285,4,"2018-4"
5249,2018,8,15,20.375748,4,"2018-4"
5249.5,2018,8,15,20.554433,4,"2018-4"
5250,2018,8,16,20.731245,4,"2018-4"
5250.5,2018,8,16,20.90028,4,"2018-4"
5251,2018,8,17,21.054417,4,"2018-4"
5251.5,2018,8,17,21.186062,4,"2018-4"
5252,2018,8,18,21.287976,4,"2018-4"
5252.5,2018,8,18,21.354057,4,"2018-4"
5253,2018,8,19,21.380013,4,"2018-4"
5253.5,2018,8,19,21.363834,4,"2018-4"
5254,2018,8,20,21.306029,4,"2018-4"
5254.5,2018,8,20,21.209615,4,"2018-4"
5255,2018,8,21,21.079872,4,"2018-4"
5255.5,2018,8,21,20.923909,4,"2018-4"
5256,2018,8,22,20.750104,4,"2018-4"
5256.5,2018,8,22,20.567469,4,"2018-4"
5257,2018,8,23,20.385013,4,"2018-4"
5257.5,2018,8,23,20.211152,4,"2018-4"
5258,2018,8,24,20.053189,4,"2018-4"
5258.5,2018,8,24,19.916899,4,"2018-4"
5259,2018,8,25,19.806212,4,"2018-4"
5259.5,2018,8,25,19.723002,4,"2018-4"
5260,2018,8,26,19.666975,4,"2018-4"
5260.5,2018,8,26,19.635674,4,"2018-4"
5261,2018,8,27,19.624592,4,"2018-4"
5261.5,2018,8,27,19.627428,4,"2018-4"
5262,2018,8,28,19.636489,4,"2018-4"
5262.5,2018,8,28,19.643251,4,"2018-4"
5263,2018,8,29,19.639063,4,"2018-4"
5263.5,2018,8,29,19.615962,4,"2018-4"
5264,2018,8,30,19.567544,4,"2018-4"
5264.5,2018,8,30,19.489782,4,"2018-4"
5265,2018,8,31,19.381723,4,"2018-4"
5265.5,2018,8,31,19.245916,4,"2018-4"
5266,2018,9,1,19.088522,4,"2018-4"
5266.5,2018,9,1,18.919007,4,"2018-4"
5267,2018,9,2,18.749428,4,"2018-4"
5267.5,2018,9,2,18.593339,4,"2018-4"
5268,2018,9,3,18.464409,4,"2018-4"
5268.5,2018,9,3,18.37489,4,"2018-4"
5269,2018,9,4,18.334116,4,"2018-4"
5269.5,2018,9,4,18.34721,4,"2018-4"
5270,2018,9,5,18.414175,4,"2018-4"
5270.5,2018,9,5,18.52952,4,"2018-4"
5271,2018,9,6,18.682489,4,"2018-4"
5271.5,2018,9,6,18.857912,4,"2018-4"
5272,2018,9,7,19.037615,4,"2018-4"
5272.5,2018,9,7,19.202229,4,"2018-4"
5273,2018,9,8,19.333205,4,"2018-4"
5273.5,2018,9,8,19.414797,4,"2018-4"
5274,2018,9,9,19.435756,4,"2018-4"
5274.5,2018,9,9,19.390545,4,"2018-4"
5275,2018,9,10,19.2799,4,"2018-4"
5275.5,2018,9,10,19.110683,4,"2018-4"
5276,2018,9,11,18.895042,4,"2018-4"
5276.5,2018,9,11,18.648995,4,"2018-4"
5277,2018,9,12,18.390615,4,"2018-4"
5277.5,2018,9,12,18.138051,4,"2018-4"
5278,2018,9,13,17.907614,4,"2018-4"
5278.5,2018,9,13,17.712167,4,"2018-4"
5279,2018,9,14,17.55997,4,"2018-4"
5279.5,2018,9,14,17.454105,4,"2018-4"
5280,2018,9,15,17.392496,4,"2018-4"
5280.5,2018,9,15,17.368505,4,"2018-4"
5281,2018,9,16,17.371988,4,"2018-4"
5281.5,2018,9,16,17.390679,4,"2018-4"
5282,2018,9,17,17.411746,4,"2018-4"
5282.5,2018,9,17,17.423339,4,"2018-4"
5283,2018,9,18,17.415993,4,"2018-4"
5283.5,2018,9,18,17.38374,4,"2018-4"
5284,2018,9,19,17.324838,4,"2018-4"
5284.5,2018,9,19,17.242058,4,"2018-4"
5285,2018,9,20,17.142478,4,"2018-4"
5285.5,2018,9,20,17.036828,4,"2018-4"
5286,2018,9,21,16.938409,4,"2018-4"
5286.5,2018,9,21,16.861708,4,"2018-4"
5287,2018,9,22,16.820807,4,"2018-4"
5287.5,2018,9,22,16.82776,4,"2018-4"
5288,2018,9,23,16.891099,4,"2018-4"
5288.5,2018,9,23,17.014623,4,"2018-4"
5289,2018,9,24,17.196636,4,"2018-4"
5289.5,2018,9,24,17.429711,4,"2018-4"
5290,2018,9,25,17.701068,4,"2018-4"
5290.5,2018,9,25,17.993528,4,"2018-4"
5291,2018,9,26,18.287,4,"2018-4"
5291.5,2018,9,26,18.560344,4,"2018-4"
5292,2018,9,27,18.79344,4,"2018-4"
5292.5,2018,9,27,18.969243,4,"2018-4"
5293,2018,9,28,19.075586,4,"2018-4"
5293.5,2018,9,28,19.106532,4,"2018-4"
5294,2018,9,29,19.06309,4,"2018-4"
5294.5,2018,9,29,18.953197,4,"2018-4"
5295,2018,9,30,18.790939,4,"2018-4"
5295.5,2018,9,30,18.595071,4,"2018-4"
5296,2018,10,1,18.386995,4,"2018-4"
5296.5,2018,10,1,18.188412,4,"2018-4"
5297,2018,10,2,18.018921,4,"2018-4"
5297.5,2018,10,2,17.893846,4,"2018-4"
5298,2018,10,3,17.82256,4,"2018-4"
5298.5,2018,10,3,17.807508,4,"2018-4"
5299,2018,10,4,17.844067,4,"2018-4"
5299.5,2018,10,4,17.921262,4,"2018-4"
5300,2018,10,5,18.023277,4,"2018-4"
5300.5,2018,10,5,18.131576,4,"2018-4"
5301,2018,10,6,18.227393,4,"2018-4"
5301.5,2018,10,6,18.294295,4,"2018-4"
5302,2018,10,7,18.3205,4,"2018-4"
5302.5,2018,10,7,18.300693,4,"2018-4"
5303,2018,10,8,18.237094,4,"2018-4"
5303.5,2018,10,8,18.139664,4,"2018-4"
5304,2018,10,9,18.025419,4,"2018-4"
5304.5,2018,10,9,17.916917,4,"2018-4"
5305,2018,10,10,17.840093,4,"2018-4"
5305.5,2018,10,10,17.821673,4,"2018-4"
5306,2018,10,11,17.886439,4,"2018-4"
5306.5,2018,10,11,18.054628,4,"2018-4"
5307,2018,10,12,18.339723,4,"2018-4"
5307.5,2018,10,12,18.746843,4,"2018-4"
5308,2018,10,13,19.27187,4,"2018-4"
5308.5,2018,10,13,19.90139,4,"2018-4"
5309,2018,10,14,20.61342,4,"2018-4"
5309.5,2018,10,14,21.378864,4,"2018-4"
5310,2018,10,15,22.163541,4,"2018-4"
5310.5,2018,10,15,22.930621,4,"2018-4"
5311,2018,10,16,23.643263,4,"2018-4"
5311.5,2018,10,16,24.267244,4,"2018-4"
5312,2018,10,17,24.773379,4,"2018-4"
5312.5,2018,10,17,25.139557,4,"2018-4"
5313,2018,10,18,25.352239,4,"2018-4"
5313.5,2018,10,18,25.407328,4,"2018-4"
5314,2018,10,19,25.310345,4,"2018-4"
5314.5,2018,10,19,25.075913,4,"2018-4"
5315,2018,10,20,24.7266,4,"2018-4"
5315.5,2018,10,20,24.291193,4,"2018-4"
5316,2018,10,21,23.802564,4,"2018-4"
5316.5,2018,10,21,23.295268,4,"2018-4"
5317,2018,10,22,22.803064,4,"2018-4"
5317.5,2018,10,22,22.356552,4,"2018-4"
5318,2018,10,23,21.981104,4,"2018-4"
5318.5,2018,10,23,21.695261,4,"2018-4"
5319,2018,10,24,21.509722,4,"2018-4"
5319.5,2018,10,24,21.427021,4,"2018-4"
5320,2018,10,25,21.441912,4,"2018-4"
5320.5,2018,10,25,21.542453,4,"2018-4"
5321,2018,10,26,21.711664,4,"2018-4"
5321.5,2018,10,26,21.929603,4,"2018-4"
5322,2018,10,27,22.175651,4,"2018-4"
5322.5,2018,10,27,22.43073,4,"2018-4"
5323,2018,10,28,22.679215,4,"2018-4"
5323.5,2018,10,28,22.910303,4,"2018-4"
5324,2018,10,29,23.118684,4,"2018-4"
5324.5,2018,10,29,23.304451,4,"2018-4"
5325,2018,10,30,23.472276,4,"2018-4"
5325.5,2018,10,30,23.63002,4,"2018-4"
5326,2018,10,31,23.786986,4,"2018-4"
5326.5,2018,10,31,23.952107,4,"2018-4"
5327,2018,11,1,24.132343,4,"2018-4"
5327.5,2018,11,1,24.331526,4,"2018-4"
5328,2018,11,2,24.549802,4,"2018-4"
5328.5,2018,11,2,24.783722,4,"2018-4"
5329,2018,11,3,25.026924,4,"2018-4"
5329.5,2018,11,3,25.27126,4,"2018-4"
5330,2018,11,4,25.508148,4,"2018-4"
5330.5,2018,11,4,25.729925,4,"2018-4"
5331,2018,11,5,25.930955,4,"2018-4"
5331.5,2018,11,5,26.108341,4,"2018-4"
5332,2018,11,6,26.262112,4,"2018-4"
5332.5,2018,11,6,26.394876,4,"2018-4"
5333,2018,11,7,26.511009,4,"2018-4"
5333.5,2018,11,7,26.615488,4,"2018-4"
5334,2018,11,8,26.71257,4,"2018-4"
5334.5,2018,11,8,26.804506,4,"2018-4"
5335,2018,11,9,26.890495,4,"2018-4"
5335.5,2018,11,9,26.966047,4,"2018-4"
5336,2018,11,10,27.022877,4,"2018-4"
5336.5,2018,11,10,27.049381,4,"2018-4"
5337,2018,11,11,27.031687,4,"2018-4"
5337.5,2018,11,11,26.955172,4,"2018-4"
5338,2018,11,12,26.806295,4,"2018-4"
5338.5,2018,11,12,26.574525,4,"2018-4"
5339,2018,11,13,26.254128,4,"2018-4"
5339.5,2018,11,13,25.845569,4,"2018-4"
5340,2018,11,14,25.356308,4,"2018-4"
5340.5,2018,11,14,24.800861,4,"2018-4"
5341,2018,11,15,24.200029,4,"2018-4"
5341.5,2018,11,15,23.579355,4,"2018-4"
5342,2018,11,16,22.966898,4,"2018-4"
5342.5,2018,11,16,22.39058,4,"2018-4"
5343,2018,11,17,21.875333,4,"2018-4"
5343.5,2018,11,17,21.440397,4,"2018-4"
5344,2018,11,18,21.097035,4,"2018-4"
5344.5,2018,11,18,20.846958,4,"2018-4"
5345,2018,11,19,20.681634,4,"2018-4"
5345.5,2018,11,19,20.582599,4,"2018-4"
5346,2018,11,20,20.522765,4,"2018-4"
5346.5,2018,11,20,20.468622,4,"2018-4"
5347,2018,11,21,20.383145,4,"2018-4"
5347.5,2018,11,21,20.229138,4,"2018-4"
5348,2018,11,22,19.972711,4,"2018-4"
5348.5,2018,11,22,19.586565,4,"2018-4"
5349,2018,11,23,19.052779,4,"2018-4"
5349.5,2018,11,23,18.364845,4,"2018-4"
5350,2018,11,24,17.528759,4,"2018-4"
5350.5,2018,11,24,16.563057,4,"2018-4"
5351,2018,11,25,15.497796,4,"2018-4"
5351.5,2018,11,25,14.372549,4,"2018-4"
5352,2018,11,26,13.233609,4,"2018-4"
5352.5,2018,11,26,12.130634,4,"2018-4"
5353,2018,11,27,11.113027,4,"2018-4"
5353.5,2018,11,27,10.22638,4,"2018-4"
5354,2018,11,28,9.5092769,4,"2018-4"
5354.5,2018,11,28,8.9907093,4,"2018-4"
5355,2018,11,29,8.6883243,4,"2018-4"
5355.5,2018,11,29,8.6075944,4,"2018-4"
5356,2018,11,30,8.7419396,4,"2018-4"
5356.5,2018,11,30,9.0737222,4,"2018-4"
5357,2018,12,1,9.5759646,5,"2018-5"
5357.5,2018,12,1,10.214579,5,"2018-5"
5358,2018,12,2,10.950879,5,"2018-5"
5358.5,2018,12,2,11.74414,5,"2018-5"
5359,2018,12,3,12.554016,5,"2018-5"
5359.5,2018,12,3,13.342667,5,"2018-5"
5360,2018,12,4,14.076505,5,"2018-5"
5360.5,2018,12,4,14.727532,5,"2018-5"
5361,2018,12,5,15.274284,5,"2018-5"
5361.5,2018,12,5,15.702399,5,"2018-5"
5362,2018,12,6,16.004878,5,"2018-5"
5362.5,2018,12,6,16.182033,5,"2018-5"
5363,2018,12,7,16.241161,5,"2018-5"
5363.5,2018,12,7,16.195915,5,"2018-5"
5364,2018,12,8,16.065353,5,"2018-5"
5364.5,2018,12,8,15.872663,5,"2018-5"
5365,2018,12,9,15.643575,5,"2018-5"
5365.5,2018,12,9,15.40452,5,"2018-5"
5366,2018,12,10,15.180649,5,"2018-5"
5366.5,2018,12,10,14.993869,5,"2018-5"
5367,2018,12,11,14.861089,5,"2018-5"
5367.5,2018,12,11,14.792864,5,"2018-5"
5368,2018,12,12,14.792609,5,"2018-5"
5368.5,2018,12,12,14.856488,5,"2018-5"
5369,2018,12,13,14.974019,5,"2018-5"
5369.5,2018,12,13,15.129338,5,"2018-5"
5370,2018,12,14,15.302972,5,"2018-5"
5370.5,2018,12,14,15.473946,5,"2018-5"
5371,2018,12,15,15.621957,5,"2018-5"
5371.5,2018,12,15,15.729403,5,"2018-5"
5372,2018,12,16,15.783058,5,"2018-5"
5372.5,2018,12,16,15.775238,5,"2018-5"
5373,2018,12,17,15.70441,5,"2018-5"
5373.5,2018,12,17,15.575219,5,"2018-5"
5374,2018,12,18,15.398001,5,"2018-5"
5374.5,2018,12,18,15.187885,5,"2018-5"
5375,2018,12,19,14.963579,5,"2018-5"
5375.5,2018,12,19,14.745986,5,"2018-5"
5376,2018,12,20,14.556718,5,"2018-5"
5376.5,2018,12,20,14.416618,5,"2018-5"
5377,2018,12,21,14.34434,5,"2018-5"
5377.5,2018,12,21,14.355047,5,"2018-5"
5378,2018,12,22,14.459286,5,"2018-5"
5378.5,2018,12,22,14.66209,5,"2018-5"
5379,2018,12,23,14.962375,5,"2018-5"
5379.5,2018,12,23,15.352703,5,"2018-5"
5380,2018,12,24,15.819452,5,"2018-5"
5380.5,2018,12,24,16.343439,5,"2018-5"
5381,2018,12,25,16.900985,5,"2018-5"
5381.5,2018,12,25,17.465357,5,"2018-5"
5382,2018,12,26,18.008508,5,"2018-5"
5382.5,2018,12,26,18.502954,5,"2018-5"
5383,2018,12,27,18.923631,5,"2018-5"
5383.5,2018,12,27,19.249545,5,"2018-5"
5384,2018,12,28,19.465073,5,"2018-5"
5384.5,2018,12,28,19.56078,5,"2018-5"
5385,2018,12,29,19.533712,5,"2018-5"
5385.5,2018,12,29,19.387161,5,"2018-5"
5386,2018,12,30,19.129975,5,"2018-5"
5386.5,2018,12,30,18.77555,5,"2018-5"
5387,2018,12,31,18.340624,5,"2018-5"
5387.5,2018,12,31,17.844051,5,"2018-5"
5388,2019,1,1,17.305665,2,"2019-2"
5388.5,2019,1,1,16.74532,2,"2019-2"
5389,2019,1,2,16.182147,2,"2019-2"
5389.5,2019,1,2,15.634014,2,"2019-2"
5390,2019,1,3,15.117147,2,"2019-2"
5390.5,2019,1,3,14.645849,2,"2019-2"
5391,2019,1,4,14.232255,2,"2019-2"
5391.5,2019,1,4,13.886084,2,"2019-2"
5392,2019,1,5,13.614356,2,"2019-2"
5392.5,2019,1,5,13.421105,2,"2019-2"
5393,2019,1,6,13.307109,2,"2019-2"
5393.5,2019,1,6,13.269693,2,"2019-2"
5394,2019,1,7,13.302665,2,"2019-2"
5394.5,2019,1,7,13.396431,2,"2019-2"
5395,2019,1,8,13.538323,2,"2019-2"
5395.5,2019,1,8,13.71315,2,"2019-2"
5396,2019,1,9,13.903967,2,"2019-2"
5396.5,2019,1,9,14.093008,2,"2019-2"
5397,2019,1,10,14.262758,2,"2019-2"
5397.5,2019,1,10,14.397074,2,"2019-2"
5398,2019,1,11,14.482293,2,"2019-2"
5398.5,2019,1,11,14.508246,2,"2019-2"
5399,2019,1,12,14.469101,2,"2019-2"
5399.5,2019,1,12,14.363948,2,"2019-2"
5400,2019,1,13,14.197075,2,"2019-2"
5400.5,2019,1,13,13.977882,2,"2019-2"
5401,2019,1,14,13.720408,2,"2019-2"
5401.5,2019,1,14,13.442492,2,"2019-2"
5402,2019,1,15,13.164603,2,"2019-2"
5402.5,2019,1,15,12.908445,2,"2019-2"
5403,2019,1,16,12.695428,2,"2019-2"
5403.5,2019,1,16,12.545153,2,"2019-2"
5404,2019,1,17,12.474016,2,"2019-2"
5404.5,2019,1,17,12.494066,2,"2019-2"
5405,2019,1,18,12.612181,2,"2019-2"
5405.5,2019,1,18,12.82963,2,"2019-2"
5406,2019,1,19,13.142007,2,"2019-2"
5406.5,2019,1,19,13.539537,2,"2019-2"
5407,2019,1,20,14.007704,2,"2019-2"
5407.5,2019,1,20,14.528123,2,"2019-2"
5408,2019,1,21,15.0796,2,"2019-2"
5408.5,2019,1,21,15.639312,2,"2019-2"
5409,2019,1,22,16.184019,2,"2019-2"
5409.5,2019,1,22,16.691275,2,"2019-2"
5410,2019,1,23,17.140562,2,"2019-2"
5410.5,2019,1,23,17.514306,2,"2019-2"
5411,2019,1,24,17.798724,2,"2019-2"
5411.5,2019,1,24,17.98447,2,"2019-2"
5412,2019,1,25,18.067035,2,"2019-2"
5412.5,2019,1,25,18.0469,2,"2019-2"
5413,2019,1,26,17.929407,2,"2019-2"
5413.5,2019,1,26,17.724372,2,"2019-2"
5414,2019,1,27,17.445449,2,"2019-2"
5414.5,2019,1,27,17.109276,2,"2019-2"
5415,2019,1,28,16.734462,2,"2019-2"
5415.5,2019,1,28,16.340455,2,"2019-2"
5416,2019,1,29,15.946385,2,"2019-2"
5416.5,2019,1,29,15.569959,2,"2019-2"
5417,2019,1,30,15.226475,2,"2019-2"
5417.5,2019,1,30,14.928059,2,"2019-2"
5418,2019,1,31,14.683155,2,"2019-2"
5418.5,2019,1,31,14.496313,2,"2019-2"
5419,2019,2,1,14.368268,2,"2019-2"
5419.5,2019,2,1,14.296302,2,"2019-2"
5420,2019,2,2,14.274814,2,"2019-2"
5420.5,2019,2,2,14.296045,2,"2019-2"
5421,2019,2,3,14.3509,2,"2019-2"
5421.5,2019,2,3,14.429773,2,"2019-2"
5422,2019,2,4,14.523352,2,"2019-2"
5422.5,2019,2,4,14.623347,2,"2019-2"
5423,2019,2,5,14.723128,2,"2019-2"
5423.5,2019,2,5,14.818249,2,"2019-2"
5424,2019,2,6,14.906855,2,"2019-2"
5424.5,2019,2,6,14.98992,2,"2019-2"
5425,2019,2,7,15.071322,2,"2019-2"
5425.5,2019,2,7,15.157682,2,"2019-2"
5426,2019,2,8,15.257954,2,"2019-2"
5426.5,2019,2,8,15.382755,2,"2019-2"
5427,2019,2,9,15.543425,2,"2019-2"
5427.5,2019,2,9,15.750883,2,"2019-2"
5428,2019,2,10,16.01435,2,"2019-2"
5428.5,2019,2,10,16.340055,2,"2019-2"
5429,2019,2,11,16.730054,2,"2019-2"
5429.5,2019,2,11,17.181296,2,"2019-2"
5430,2019,2,12,17.685065,2,"2019-2"
5430.5,2019,2,12,18.226885,2,"2019-2"
5431,2019,2,13,18.786952,2,"2019-2"
5431.5,2019,2,13,19.341104,2,"2019-2"
5432,2019,2,14,19.862278,2,"2019-2"
5432.5,2019,2,14,20.32237,2,"2019-2"
5433,2019,2,15,20.694358,2,"2019-2"
5433.5,2019,2,15,20.954515,2,"2019-2"
5434,2019,2,16,21.084519,2,"2019-2"
5434.5,2019,2,16,21.073256,2,"2019-2"
5435,2019,2,17,20.918155,2,"2019-2"
5435.5,2019,2,17,20.625882,2,"2019-2"
5436,2019,2,18,20.212327,2,"2019-2"
5436.5,2019,2,18,19.701839,2,"2019-2"
5437,2019,2,19,19.125757,2,"2019-2"
5437.5,2019,2,19,18.520343,2,"2019-2"
5438,2019,2,20,17.924269,2,"2019-2"
5438.5,2019,2,20,17.375861,2,"2019-2"
5439,2019,2,21,16.91032,2,"2019-2"
5439.5,2019,2,21,16.557129,2,"2019-2"
5440,2019,2,22,16.337851,2,"2019-2"
5440.5,2019,2,22,16.264494,2,"2019-2"
5441,2019,2,23,16.338555,2,"2019-2"
5441.5,2019,2,23,16.550826,2,"2019-2"
5442,2019,2,24,16.881995,2,"2019-2"
5442.5,2019,2,24,17.303984,2,"2019-2"
5443,2019,2,25,17.781955,2,"2019-2"
5443.5,2019,2,25,18.276841,2,"2019-2"
5444,2019,2,26,18.748209,2,"2019-2"
5444.5,2019,2,26,19.15725,2,"2019-2"
5445,2019,2,27,19.469677,2,"2019-2"
5445.5,2019,2,27,19.658286,2,"2019-2"
5446,2019,2,28,19.70499,2,"2019-2"
5446.5,2019,2,28,19.602148,2,"2019-2"
5447,2019,3,1,19.353076,2,"2019-2"
5447.5,2019,3,1,18.971699,2,"2019-2"
5448,2019,3,2,18.48135,2,"2019-2"
5448.5,2019,3,2,17.912828,2,"2019-2"
5449,2019,3,3,17.30186,2,"2019-2"
5449.5,2019,3,3,16.686192,2,"2019-2"
5450,2019,3,4,16.102537,2,"2019-2"
5450.5,2019,3,4,15.583656,2,"2019-2"
5451,2019,3,5,15.155828,2,"2019-2"
5451.5,2019,3,5,14.836919,2,"2019-2"
5452,2019,3,6,14.635244,2,"2019-2"
5452.5,2019,3,6,14.549299,2,"2019-2"
5453,2019,3,7,14.568389,2,"2019-2"
5453.5,2019,3,7,14.674061,2,"2019-2"
5454,2019,3,8,14.842172,2,"2019-2"
5454.5,2019,3,8,15.045361,2,"2019-2"
5455,2019,3,9,15.255634,2,"2019-2"
5455.5,2019,3,9,15.446809,2,"2019-2"
5456,2019,3,10,15.596562,2,"2019-2"
5456.5,2019,3,10,15.687892,2,"2019-2"
5457,2019,3,11,15.709935,2,"2019-2"
5457.5,2019,3,11,15.658094,2,"2019-2"
5458,2019,3,12,15.533584,2,"2019-2"
5458.5,2019,3,12,15.342528,2,"2019-2"
5459,2019,3,13,15.094789,2,"2019-2"
5459.5,2019,3,13,14.802725,2,"2019-2"
5460,2019,3,14,14.480043,2,"2019-2"
5460.5,2019,3,14,14.140858,2,"2019-2"
5461,2019,3,15,13.799035,2,"2019-2"
5461.5,2019,3,15,13.467809,2,"2019-2"
5462,2019,3,16,13.159619,2,"2019-2"
5462.5,2019,3,16,12.886088,2,"2019-2"
5463,2019,3,17,12.658013,2,"2019-2"
5463.5,2019,3,17,12.485287,2,"2019-2"
5464,2019,3,18,12.376672,2,"2019-2"
5464.5,2019,3,18,12.3394,2,"2019-2"
5465,2019,3,19,12.378612,2,"2019-2"
5465.5,2019,3,19,12.496708,2,"2019-2"
5466,2019,3,20,12.69271,2,"2019-2"
5466.5,2019,3,20,12.961734,2,"2019-2"
5467,2019,3,21,13.294708,2,"2019-2"
5467.5,2019,3,21,13.678408,2,"2019-2"
5468,2019,3,22,14.095873,2,"2019-2"
5468.5,2019,3,22,14.527222,2,"2019-2"
5469,2019,3,23,14.950822,2,"2019-2"
5469.5,2019,3,23,15.344729,2,"2019-2"
5470,2019,3,24,15.688286,2,"2019-2"
5470.5,2019,3,24,15.963729,2,"2019-2"
5471,2019,3,25,16.157632,2,"2019-2"
5471.5,2019,3,25,16.262057,2,"2019-2"
5472,2019,3,26,16.275249,2,"2019-2"
5472.5,2019,3,26,16.201816,2,"2019-2"
5473,2019,3,27,16.05234,2,"2019-2"
5473.5,2019,3,27,15.842459,2,"2019-2"
5474,2019,3,28,15.591504,2,"2019-2"
5474.5,2019,3,28,15.320847,2,"2019-2"
5475,2019,3,29,15.052109,2,"2019-2"
5475.5,2019,3,29,14.80543,2,"2019-2"
5476,2019,3,30,14.597941,2,"2019-2"
5476.5,2019,3,30,14.442567,2,"2019-2"
5477,2019,3,31,14.347239,2,"2019-2"
5477.5,2019,3,31,14.314542,2,"2019-2"
5478,2019,4,1,14.341785,3,"2019-3"
5478.5,2019,4,1,14.421445,3,"2019-3"
5479,2019,4,2,14.541934,3,"2019-3"
5479.5,2019,4,2,14.688583,3,"2019-3"
5480,2019,4,3,14.844796,3,"2019-3"
5480.5,2019,4,3,14.993264,3,"2019-3"
5481,2019,4,4,15.117184,3,"2019-3"
5481.5,2019,4,4,15.2014,3,"2019-3"
5482,2019,4,5,15.233404,3,"2019-3"
5482.5,2019,4,5,15.204146,3,"2019-3"
5483,2019,4,6,15.1086,3,"2019-3"
5483.5,2019,4,6,14.946074,3,"2019-3"
5484,2019,4,7,14.720228,3,"2019-3"
5484.5,2019,4,7,14.438826,3,"2019-3"
5485,2019,4,8,14.113234,3,"2019-3"
5485.5,2019,4,8,13.757701,3,"2019-3"
5486,2019,4,9,13.388487,3,"2019-3"
5486.5,2019,4,9,13.022894,3,"2019-3"
5487,2019,4,10,12.678272,3,"2019-3"
5487.5,2019,4,10,12.371082,3,"2019-3"
5488,2019,4,11,12.116075,3,"2019-3"
5488.5,2019,4,11,11.925655,3,"2019-3"
5489,2019,4,12,11.809455,3,"2019-3"
5489.5,2019,4,12,11.774128,3,"2019-3"
5490,2019,4,13,11.823352,3,"2019-3"
5490.5,2019,4,13,11.957966,3,"2019-3"
5491,2019,4,14,12.176191,3,"2019-3"
5491.5,2019,4,14,12.473851,3,"2019-3"
5492,2019,4,15,12.844511,3,"2019-3"
5492.5,2019,4,15,13.279505,3,"2019-3"
5493,2019,4,16,13.767856,3,"2019-3"
5493.5,2019,4,16,14.296108,3,"2019-3"
5494,2019,4,17,14.84818,3,"2019-3"
5494.5,2019,4,17,15.405331,3,"2019-3"
5495,2019,4,18,15.94636,3,"2019-3"
5495.5,2019,4,18,16.44811,3,"2019-3"
5496,2019,4,19,16.886336,3,"2019-3"
5496.5,2019,4,19,17.236923,3,"2019-3"
5497,2019,4,20,17.477366,3,"2019-3"
5497.5,2019,4,20,17.588412,3,"2019-3"
5498,2019,4,21,17.555694,3,"2019-3"
5498.5,2019,4,21,17.371204,3,"2019-3"
5499,2019,4,22,17.034435,3,"2019-3"
5499.5,2019,4,22,16.55307,3,"2019-3"
5500,2019,4,23,15.943132,3,"2019-3"
5500.5,2019,4,23,15.22853,3,"2019-3"
5501,2019,4,24,14.440039,3,"2019-3"
5501.5,2019,4,24,13.613731,3,"2019-3"
5502,2019,4,25,12.788982,3,"2019-3"
5502.5,2019,4,25,12.006161,3,"2019-3"
5503,2019,4,26,11.30416,3,"2019-3"
5503.5,2019,4,26,10.717935,3,"2019-3"
5504,2019,4,27,10.276215,3,"2019-3"
5504.5,2019,4,27,9.9995552,3,"2019-3"
5505,2019,4,28,9.8988828,3,"2019-3"
5505.5,2019,4,28,9.9746394,3,"2019-3"
5506,2019,4,29,10.216617,3,"2019-3"
5506.5,2019,4,29,10.60451,3,"2019-3"
5507,2019,4,30,11.109156,3,"2019-3"
5507.5,2019,4,30,11.694401,3,"2019-3"
5508,2019,5,1,12.319448,3,"2019-3"
5508.5,2019,5,1,12.941543,3,"2019-3"
5509,2019,5,2,13.518795,3,"2019-3"
5509.5,2019,5,2,14.01295,3,"2019-3"
5510,2019,5,3,14.391923,3,"2019-3"
5510.5,2019,5,3,14.631919,3,"2019-3"
5511,2019,5,4,14.719003,3,"2019-3"
5511.5,2019,5,4,14.650014,3,"2019-3"
5512,2019,5,5,14.432749,3,"2019-3"
5512.5,2019,5,5,14.085399,3,"2019-3"
5513,2019,5,6,13.635274,3,"2019-3"
5513.5,2019,5,6,13.116867,3,"2019-3"
5514,2019,5,7,12.569415,3,"2019-3"
5514.5,2019,5,7,12.0341,3,"2019-3"
5515,2019,5,8,11.551109,3,"2019-3"
5515.5,2019,5,8,11.156771,3,"2019-3"
5516,2019,5,9,10.880998,3,"2019-3"
5516.5,2019,5,9,10.745235,3,"2019-3"
5517,2019,5,10,10.761088,3,"2019-3"
5517.5,2019,5,10,10.929736,3,"2019-3"
5518,2019,5,11,11.242184,3,"2019-3"
5518.5,2019,5,11,11.68031,3,"2019-3"
5519,2019,5,12,12.218602,3,"2019-3"
5519.5,2019,5,12,12.826433,3,"2019-3"
5520,2019,5,13,13.470613,3,"2019-3"
5520.5,2019,5,13,14.118017,3,"2019-3"
5521,2019,5,14,14.737995,3,"2019-3"
5521.5,2019,5,14,15.304391,3,"2019-3"
5522,2019,5,15,15.796961,3,"2019-3"
5522.5,2019,5,15,16.202143,3,"2019-3"
5523,2019,5,16,16.513128,3,"2019-3"
5523.5,2019,5,16,16.729324,3,"2019-3"
5524,2019,5,17,16.855325,3,"2019-3"
5524.5,2019,5,17,16.899564,3,"2019-3"
5525,2019,5,18,16.87284,3,"2019-3"
5525.5,2019,5,18,16.786884,3,"2019-3"
5526,2019,5,19,16.653148,3,"2019-3"
5526.5,2019,5,19,16.481898,3,"2019-3"
5527,2019,5,20,16.281693,3,"2019-3"
5527.5,2019,5,20,16.059258,3,"2019-3"
5528,2019,5,21,15.819701,3,"2019-3"
5528.5,2019,5,21,15.567002,3,"2019-3"
5529,2019,5,22,15.30467,3,"2019-3"
5529.5,2019,5,22,15.03643,3,"2019-3"
5530,2019,5,23,14.766822,3,"2019-3"
5530.5,2019,5,23,14.501613,3,"2019-3"
5531,2019,5,24,14.247936,3,"2019-3"
5531.5,2019,5,24,14.014127,3,"2019-3"
5532,2019,5,25,13.809276,3,"2019-3"
5532.5,2019,5,25,13.642548,3,"2019-3"
5533,2019,5,26,13.522367,3,"2019-3"
5533.5,2019,5,26,13.455594,3,"2019-3"
5534,2019,5,27,13.446818,3,"2019-3"
5534.5,2019,5,27,13.497866,3,"2019-3"
5535,2019,5,28,13.607619,3,"2019-3"
5535.5,2019,5,28,13.772154,3,"2019-3"
5536,2019,5,29,13.985191,3,"2019-3"
5536.5,2019,5,29,14.238768,3,"2019-3"
5537,2019,5,30,14.524041,3,"2019-3"
5537.5,2019,5,30,14.832067,3,"2019-3"
5538,2019,5,31,15.154461,3,"2019-3"
5538.5,2019,5,31,15.483824,3,"2019-3"
5539,2019,6,1,15.813876,3,"2019-3"
5539.5,2019,6,1,16.139311,3,"2019-3"
5540,2019,6,2,16.455397,3,"2019-3"
5540.5,2019,6,2,16.757431,3,"2019-3"
5541,2019,6,3,17.040151,3,"2019-3"
5541.5,2019,6,3,17.29723,3,"2019-3"
5542,2019,6,4,17.520981,3,"2019-3"
5542.5,2019,6,4,17.702336,3,"2019-3"
5543,2019,6,5,17.831166,3,"2019-3"
5543.5,2019,6,5,17.89693,3,"2019-3"
5544,2019,6,6,17.889611,3,"2019-3"
5544.5,2019,6,6,17.80084,3,"2019-3"
5545,2019,6,7,17.625101,3,"2019-3"
5545.5,2019,6,7,17.360846,3,"2019-3"
5546,2019,6,8,17.011397,3,"2019-3"
5546.5,2019,6,8,16.585481,3,"2019-3"
5547,2019,6,9,16.097294,3,"2019-3"
5547.5,2019,6,9,15.566056,3,"2019-3"
5548,2019,6,10,15.015023,3,"2019-3"
5548.5,2019,6,10,14.470053,3,"2019-3"
5549,2019,6,11,13.957814,3,"2019-3"
5549.5,2019,6,11,13.503818,3,"2019-3"
5550,2019,6,12,13.130462,3,"2019-3"
5550.5,2019,6,12,12.855267,3,"2019-3"
5551,2019,6,13,12.689492,3,"2019-3"
5551.5,2019,6,13,12.63725,3,"2019-3"
5552,2019,6,14,12.695209,3,"2019-3"
5552.5,2019,6,14,12.852879,3,"2019-3"
5553,2019,6,15,13.093461,3,"2019-3"
5553.5,2019,6,15,13.395161,3,"2019-3"
5554,2019,6,16,13.73284,3,"2019-3"
5554.5,2019,6,16,14.07987,3,"2019-3"
5555,2019,6,17,14.410032,3,"2019-3"
5555.5,2019,6,17,14.699327,3,"2019-3"
5556,2019,6,18,14.92756,3,"2019-3"
5556.5,2019,6,18,15.079588,3,"2019-3"
5557,2019,6,19,15.146148,3,"2019-3"
5557.5,2019,6,19,15.124216,3,"2019-3"
5558,2019,6,20,15.016864,3,"2019-3"
5558.5,2019,6,20,14.832652,3,"2019-3"
5559,2019,6,21,14.584606,3,"2019-3"
5559.5,2019,6,21,14.288887,3,"2019-3"
5560,2019,6,22,13.963295,3,"2019-3"
5560.5,2019,6,22,13.625743,3,"2019-3"
5561,2019,6,23,13.292877,3,"2019-3"
5561.5,2019,6,23,12.97898,3,"2019-3"
5562,2019,6,24,12.695262,3,"2019-3"
5562.5,2019,6,24,12.449586,3,"2019-3"
5563,2019,6,25,12.246638,3,"2019-3"
5563.5,2019,6,25,12.08845,3,"2019-3"
5564,2019,6,26,11.975175,3,"2019-3"
5564.5,2019,6,26,11.905941,3,"2019-3"
5565,2019,6,27,11.879651,3,"2019-3"
5565.5,2019,6,27,11.895561,3,"2019-3"
5566,2019,6,28,11.95355,3,"2019-3"
5566.5,2019,6,28,12.054036,3,"2019-3"
5567,2019,6,29,12.197544,3,"2019-3"
5567.5,2019,6,29,12.384016,3,"2019-3"
5568,2019,6,30,12.611977,3,"2019-3"
5568.5,2019,6,30,12.877699,3,"2019-3"
5569,2019,7,1,13.174544,3,"2019-3"
5569.5,2019,7,1,13.492585,3,"2019-3"
5570,2019,7,2,13.818644,3,"2019-3"
5570.5,2019,7,2,14.136757,3,"2019-3"
5571,2019,7,3,14.429082,3,"2019-3"
5571.5,2019,7,3,14.677154,3,"2019-3"
5572,2019,7,4,14.863378,3,"2019-3"
5572.5,2019,7,4,14.9726,3,"2019-3"
5573,2019,7,5,14.99358,3,"2019-3"
5573.5,2019,7,5,14.920213,3,"2019-3"
5574,2019,7,6,14.752353,3,"2019-3"
5574.5,2019,7,6,14.496167,3,"2019-3"
5575,2019,7,7,14.163964,3,"2019-3"
5575.5,2019,7,7,13.773523,3,"2019-3"
5576,2019,7,8,13.346994,3,"2019-3"
5576.5,2019,7,8,12.909463,3,"2019-3"
5577,2019,7,9,12.487314,3,"2019-3"
5577.5,2019,7,9,12.106527,3,"2019-3"
5578,2019,7,10,11.791041,3,"2019-3"
5578.5,2019,7,10,11.561287,3,"2019-3"
5579,2019,7,11,11.433,3,"2019-3"
5579.5,2019,7,11,11.416346,3,"2019-3"
5580,2019,7,12,11.515412,3,"2019-3"
5580.5,2019,7,12,11.728059,3,"2019-3"
5581,2019,7,13,12.046122,3,"2019-3"
5581.5,2019,7,13,12.455924,3,"2019-3"
5582,2019,7,14,12.939064,3,"2019-3"
5582.5,2019,7,14,13.473429,3,"2019-3"
5583,2019,7,15,14.034373,3,"2019-3"
5583.5,2019,7,15,14.596012,3,"2019-3"
5584,2019,7,16,15.13258,3,"2019-3"
5584.5,2019,7,16,15.619789,3,"2019-3"
5585,2019,7,17,16.036115,3,"2019-3"
5585.5,2019,7,17,16.363982,3,"2019-3"
5586,2019,7,18,16.590753,3,"2019-3"
5586.5,2019,7,18,16.709487,3,"2019-3"
5587,2019,7,19,16.719413,3,"2019-3"
5587.5,2019,7,19,16.626073,3,"2019-3"
5588,2019,7,20,16.441124,3,"2019-3"
5588.5,2019,7,20,16.181778,3,"2019-3"
5589,2019,7,21,15.869915,3,"2019-3"
5589.5,2019,7,21,15.530883,3,"2019-3"
5590,2019,7,22,15.192075,3,"2019-3"
5590.5,2019,7,22,14.881333,3,"2019-3"
5591,2019,7,23,14.625295,3,"2019-3"
5591.5,2019,7,23,14.447772,3,"2019-3"
5592,2019,7,24,14.368254,3,"2019-3"
5592.5,2019,7,24,14.400652,3,"2019-3"
5593,2019,7,25,14.552344,3,"2019-3"
5593.5,2019,7,25,14.823607,3,"2019-3"
5594,2019,7,26,15.207466,3,"2019-3"
5594.5,2019,7,26,15.689996,3,"2019-3"
5595,2019,7,27,16.251059,3,"2019-3"
5595.5,2019,7,27,16.865441,3,"2019-3"
5596,2019,7,28,17.504322,3,"2019-3"
5596.5,2019,7,28,18.136991,3,"2019-3"
5597,2019,7,29,18.732698,3,"2019-3"
5597.5,2019,7,29,19.262511,3,"2019-3"
5598,2019,7,30,19.701078,3,"2019-3"
5598.5,2019,7,30,20.028158,3,"2019-3"
5599,2019,7,31,20.229825,3,"2019-3"
5599.5,2019,7,31,20.299268,3,"2019-3"
5600,2019,8,1,20.237123,4,"2019-4"
5600.5,2019,8,1,20.051309,4,"2019-4"
5601,2019,8,2,19.756383,4,"2019-4"
5601.5,2019,8,2,19.372448,4,"2019-4"
5602,2019,8,3,18.923691,4,"2019-4"
5602.5,2019,8,3,18.436664,4,"2019-4"
5603,2019,8,4,17.938438,4,"2019-4"
5603.5,2019,8,4,17.454765,4,"2019-4"
5604,2019,8,5,17.008416,4,"2019-4"
5604.5,2019,8,5,16.6178,4,"2019-4"
5605,2019,8,6,16.295995,4,"2019-4"
5605.5,2019,8,6,16.050242,4,"2019-4"
5606,2019,8,7,15.881929,4,"2019-4"
5606.5,2019,8,7,15.787054,4,"2019-4"
5607,2019,8,8,15.757087,4,"2019-4"
5607.5,2019,8,8,15.780164,4,"2019-4"
5608,2019,8,9,15.842475,4,"2019-4"
5608.5,2019,8,9,15.929735,4,"2019-4"
5609,2019,8,10,16.028601,4,"2019-4"
5609.5,2019,8,10,16.127925,4,"2019-4"
5610,2019,8,11,16.219745,4,"2019-4"
5610.5,2019,8,11,16.29992,4,"2019-4"
5611,2019,8,12,16.36839,4,"2019-4"
5611.5,2019,8,12,16.429015,4,"2019-4"
5612,2019,8,13,16.489025,4,"2019-4"
5612.5,2019,8,13,16.558128,4,"2019-4"
5613,2019,8,14,16.647345,4,"2019-4"
5613.5,2019,8,14,16.767676,4,"2019-4"
5614,2019,8,15,16.928714,4,"2019-4"
5614.5,2019,8,15,17.137332,4,"2019-4"
5615,2019,8,16,17.396572,4,"2019-4"
5615.5,2019,8,16,17.704838,4,"2019-4"
5616,2019,8,17,18.055486,4,"2019-4"
5616.5,2019,8,17,18.436879,4,"2019-4"
5617,2019,8,18,18.832904,4,"2019-4"
5617.5,2019,8,18,19.223961,4,"2019-4"
5618,2019,8,19,19.588328,4,"2019-4"
5618.5,2019,8,19,19.903841,4,"2019-4"
5619,2019,8,20,20.149716,4,"2019-4"
5619.5,2019,8,20,20.308386,4,"2019-4"
5620,2019,8,21,20.367177,4,"2019-4"
5620.5,2019,8,21,20.319647,4,"2019-4"
5621,2019,8,22,20.166461,4,"2019-4"
5621.5,2019,8,22,19.915678,4,"2019-4"
5622,2019,8,23,19.5824,4,"2019-4"
5622.5,2019,8,23,19.187769,4,"2019-4"
5623,2019,8,24,18.757398,4,"2019-4"
5623.5,2019,8,24,18.319339,4,"2019-4"
5624,2019,8,25,17.901769,4,"2019-4"
5624.5,2019,8,25,17.530619,4,"2019-4"
5625,2019,8,26,17.227335,4,"2019-4"
5625.5,2019,8,26,17.007031,4,"2019-4"
5626,2019,8,27,16.87718,4,"2019-4"
5626.5,2019,8,27,16.83701,4,"2019-4"
5627,2019,8,28,16.877654,4,"2019-4"
5627.5,2019,8,28,16.983062,4,"2019-4"
5628,2019,8,29,17.131583,4,"2019-4"
5628.5,2019,8,29,17.298075,4,"2019-4"
5629,2019,8,30,17.456325,4,"2019-4"
5629.5,2019,8,30,17.581558,4,"2019-4"
5630,2019,8,31,17.652772,4,"2019-4"
5630.5,2019,8,31,17.654692,4,"2019-4"
5631,2019,9,1,17.579153,4,"2019-4"
5631.5,2019,9,1,17.425802,4,"2019-4"
5632,2019,9,2,17.20208,4,"2019-4"
5632.5,2019,9,2,16.922512,4,"2019-4"
5633,2019,9,3,16.60741,4,"2019-4"
5633.5,2019,9,3,16.281136,4,"2019-4"
5634,2019,9,4,15.970084,4,"2019-4"
5634.5,2019,9,4,15.700581,4,"2019-4"
5635,2019,9,5,15.496844,4,"2019-4"
5635.5,2019,9,5,15.379134,4,"2019-4"
5636,2019,9,6,15.362223,4,"2019-4"
5636.5,2019,9,6,15.454222,4,"2019-4"
5637,2019,9,7,15.655848,4,"2019-4"
5637.5,2019,9,7,15.960132,4,"2019-4"
5638,2019,9,8,16.352594,4,"2019-4"
5638.5,2019,9,8,16.811892,4,"2019-4"
5639,2019,9,9,17.310905,4,"2019-4"
5639.5,2019,9,9,17.818237,4,"2019-4"
5640,2019,9,10,18.30007,4,"2019-4"
5640.5,2019,9,10,18.722267,4,"2019-4"
5641,2019,9,11,19.052638,4,"2019-4"
5641.5,2019,9,11,19.263188,4,"2019-4"
5642,2019,9,12,19.332239,4,"2019-4"
5642.5,2019,9,12,19.246224,4,"2019-4"
5643,2019,9,13,19.001038,4,"2019-4"
5643.5,2019,9,13,18.602796,4,"2019-4"
5644,2019,9,14,18.067915,4,"2019-4"
5644.5,2019,9,14,17.422463,4,"2019-4"
5645,2019,9,15,16.700796,4,"2019-4"
5645.5,2019,9,15,15.943534,4,"2019-4"
5646,2019,9,16,15.195007,4,"2019-4"
5646.5,2019,9,16,14.500343,4,"2019-4"
5647,2019,9,17,13.90242,4,"2019-4"
5647.5,2019,9,17,13.438911,4,"2019-4"
5648,2019,9,18,13.139667,4,"2019-4"
5648.5,2019,9,18,13.024662,4,"2019-4"
5649,2019,9,19,13.10265,4,"2019-4"
5649.5,2019,9,19,13.370673,4,"2019-4"
5650,2019,9,20,13.814417,4,"2019-4"
5650.5,2019,9,20,14.409386,4,"2019-4"
5651,2019,9,21,15.12277,4,"2019-4"
5651.5,2019,9,21,15.915806,4,"2019-4"
5652,2019,9,22,16.746432,4,"2019-4"
5652.5,2019,9,22,17.572001,4,"2019-4"
5653,2019,9,23,18.351831,4,"2019-4"
5653.5,2019,9,23,19.049436,4,"2019-4"
5654,2019,9,24,19.634301,4,"2019-4"
5654.5,2019,9,24,20.083147,4,"2019-4"
5655,2019,9,25,20.380676,4,"2019-4"
5655.5,2019,9,25,20.51983,4,"2019-4"
5656,2019,9,26,20.501624,4,"2019-4"
5656.5,2019,9,26,20.334638,4,"2019-4"
5657,2019,9,27,20.034224,4,"2019-4"
5657.5,2019,9,27,19.621487,4,"2019-4"
5658,2019,9,28,19.122095,4,"2019-4"
5658.5,2019,9,28,18.564918,4,"2019-4"
5659,2019,9,29,17.980537,4,"2019-4"
5659.5,2019,9,29,17.399644,4,"2019-4"
5660,2019,9,30,16.851372,4,"2019-4"
5660.5,2019,9,30,16.361636,4,"2019-4"
5661,2019,10,1,15.951574,4,"2019-4"
5661.5,2019,10,1,15.636199,4,"2019-4"
5662,2019,10,2,15.423381,4,"2019-4"
5662.5,2019,10,2,15.313271,4,"2019-4"
5663,2019,10,3,15.298241,4,"2019-4"
5663.5,2019,10,3,15.363373,4,"2019-4"
5664,2019,10,4,15.487517,4,"2019-4"
5664.5,2019,10,4,15.64483,4,"2019-4"
5665,2019,10,5,15.806727,4,"2019-4"
5665.5,2019,10,5,15.944091,4,"2019-4"
5666,2019,10,6,16.029581,4,"2019-4"
5666.5,2019,10,6,16.039864,4,"2019-4"
5667,2019,10,7,15.957583,4,"2019-4"
5667.5,2019,10,7,15.772918,4,"2019-4"
5668,2019,10,8,15.484583,4,"2019-4"
5668.5,2019,10,8,15.10019,4,"2019-4"
5669,2019,10,9,14.635923,4,"2019-4"
5669.5,2019,10,9,14.115546,4,"2019-4"
5670,2019,10,10,13.5688,4,"2019-4"
5670.5,2019,10,10,13.029322,4,"2019-4"
5671,2019,10,11,12.532227,4,"2019-4"
5671.5,2019,10,11,12.111549,4,"2019-4"
5672,2019,10,12,11.797729,4,"2019-4"
5672.5,2019,10,12,11.615347,4,"2019-4"
5673,2019,10,13,11.581261,4,"2019-4"
5673.5,2019,10,13,11.70329,4,"2019-4"
5674,2019,10,14,11.979533,4,"2019-4"
5674.5,2019,10,14,12.398356,4,"2019-4"
5675,2019,10,15,12.939044,4,"2019-4"
5675.5,2019,10,15,13.573047,4,"2019-4"
5676,2019,10,16,14.26573,4,"2019-4"
5676.5,2019,10,16,14.978476,4,"2019-4"
5677,2019,10,17,15.67102,4,"2019-4"
5677.5,2019,10,17,16.303845,4,"2019-4"
5678,2019,10,18,16.840488,4,"2019-4"
5678.5,2019,10,18,17.249644,4,"2019-4"
5679,2019,10,19,17.506942,4,"2019-4"
5679.5,2019,10,19,17.596314,4,"2019-4"
5680,2019,10,20,17.510899,4,"2019-4"
5680.5,2019,10,20,17.253453,4,"2019-4"
5681,2019,10,21,16.836245,4,"2019-4"
5681.5,2019,10,21,16.280471,4,"2019-4"
5682,2019,10,22,15.615202,4,"2019-4"
5682.5,2019,10,22,14.87594,4,"2019-4"
5683,2019,10,23,14.102844,4,"2019-4"
5683.5,2019,10,23,13.33872,4,"2019-4"
5684,2019,10,24,12.626884,4,"2019-4"
5684.5,2019,10,24,12.008992,4,"2019-4"
5685,2019,10,25,11.522955,4,"2019-4"
5685.5,2019,10,25,11.201034,4,"2019-4"
5686,2019,10,26,11.068195,4,"2019-4"
5686.5,2019,10,26,11.140812,4,"2019-4"
5687,2019,10,27,11.425756,4,"2019-4"
5687.5,2019,10,27,11.919927,4,"2019-4"
5688,2019,10,28,12.610247,4,"2019-4"
5688.5,2019,10,28,13.474133,4,"2019-4"
5689,2019,10,29,14.48045,4,"2019-4"
5689.5,2019,10,29,15.590935,4,"2019-4"
5690,2019,10,30,16.762042,4,"2019-4"
5690.5,2019,10,30,17.947147,4,"2019-4"
5691,2019,10,31,19.099003,4,"2019-4"
5691.5,2019,10,31,20.172306,4,"2019-4"
5692,2019,11,1,21.126215,4,"2019-4"
5692.5,2019,11,1,21.926627,4,"2019-4"
5693,2019,11,2,22.548061,4,"2019-4"
5693.5,2019,11,2,22.974983,4,"2019-4"
5694,2019,11,3,23.202485,4,"2019-4"
5694.5,2019,11,3,23.236252,4,"2019-4"
5695,2019,11,4,23.091853,4,"2019-4"
5695.5,2019,11,4,22.7934,4,"2019-4"
5696,2019,11,5,22.371695,4,"2019-4"
5696.5,2019,11,5,21.862003,4,"2019-4"
5697,2019,11,6,21.301627,4,"2019-4"
5697.5,2019,11,6,20.727433,4,"2019-4"
5698,2019,11,7,20.173518,4,"2019-4"
5698.5,2019,11,7,19.669145,4,"2019-4"
5699,2019,11,8,19.237109,4,"2019-4"
5699.5,2019,11,8,18.892614,4,"2019-4"
5700,2019,11,9,18.642716,4,"2019-4"
5700.5,2019,11,9,18.486382,4,"2019-4"
5701,2019,11,10,18.415101,4,"2019-4"
5701.5,2019,11,10,18.414006,4,"2019-4"
5702,2019,11,11,18.463396,4,"2019-4"
5702.5,2019,11,11,18.540524,4,"2019-4"
5703,2019,11,12,18.621524,4,"2019-4"
5703.5,2019,11,12,18.683329,4,"2019-4"
5704,2019,11,13,18.705451,4,"2019-4"
5704.5,2019,11,13,18.671526,4,"2019-4"
5705,2019,11,14,18.570517,4,"2019-4"
5705.5,2019,11,14,18.397535,4,"2019-4"
5706,2019,11,15,18.15421,4,"2019-4"
5706.5,2019,11,15,17.848612,4,"2019-4"
5707,2019,11,16,17.494695,4,"2019-4"
5707.5,2019,11,16,17.111327,4,"2019-4"
5708,2019,11,17,16.720925,4,"2019-4"
5708.5,2019,11,17,16.347818,4,"2019-4"
5709,2019,11,18,16.016442,4,"2019-4"
5709.5,2019,11,18,15.749532,4,"2019-4"
5710,2019,11,19,15.566444,4,"2019-4"
5710.5,2019,11,19,15.481765,4,"2019-4"
5711,2019,11,20,15.504315,4,"2019-4"
5711.5,2019,11,20,15.636623,4,"2019-4"
5712,2019,11,21,15.874873,4,"2019-4"
5712.5,2019,11,21,16.20932,4,"2019-4"
5713,2019,11,22,16.62508,4,"2019-4"
5713.5,2019,11,22,17.103199,4,"2019-4"
5714,2019,11,23,17.62188,4,"2019-4"
5714.5,2019,11,23,18.157744,4,"2019-4"
5715,2019,11,24,18.687027,4,"2019-4"
5715.5,2019,11,24,19.18663,4,"2019-4"
5716,2019,11,25,19.634985,4,"2019-4"
5716.5,2019,11,25,20.012715,4,"2019-4"
5717,2019,11,26,20.303129,4,"2019-4"
5717.5,2019,11,26,20.492573,4,"2019-4"
5718,2019,11,27,20.570708,4,"2019-4"
5718.5,2019,11,27,20.530752,4,"2019-4"
5719,2019,11,28,20.36974,4,"2019-4"
5719.5,2019,11,28,20.088808,4,"2019-4"
5720,2019,11,29,19.693513,4,"2019-4"
5720.5,2019,11,29,19.194142,4,"2019-4"
5721,2019,11,30,18.605966,4,"2019-4"
5721.5,2019,11,30,17.949347,4,"2019-4"
5722,2019,12,1,17.249626,5,"2019-5"
5722.5,2019,12,1,16.536666,5,"2019-5"
5723,2019,12,2,15.844011,5,"2019-5"
5723.5,2019,12,2,15.207583,5,"2019-5"
5724,2019,12,3,14.663944,5,"2019-5"
5724.5,2019,12,3,14.248179,5,"2019-5"
5725,2019,12,4,13.991532,5,"2019-5"
5725.5,2019,12,4,13.918971,5,"2019-5"
5726,2019,12,5,14.046905,5,"2019-5"
5726.5,2019,12,5,14.381283,5,"2019-5"
5727,2019,12,6,14.916293,5,"2019-5"
5727.5,2019,12,6,15.633828,5,"2019-5"
5728,2019,12,7,16.50387,5,"2019-5"
5728.5,2019,12,7,17.48579,5,"2019-5"
5729,2019,12,8,18.530565,5,"2019-5"
5729.5,2019,12,8,19.583756,5,"2019-5"
5730,2019,12,9,20.589054,5,"2019-5"
5730.5,2019,12,9,21.49213,5,"2019-5"
5731,2019,12,10,22.244477,5,"2019-5"
5731.5,2019,12,10,22.806919,5,"2019-5"
5732,2019,12,11,23.152491,5,"2019-5"
5732.5,2019,12,11,23.268414,5,"2019-5"
5733,2019,12,12,23.156994,5,"2019-5"
5733.5,2019,12,12,22.835333,5,"2019-5"
5734,2019,12,13,22.33389,5,"2019-5"
5734.5,2019,12,13,21.693984,5,"2019-5"
5735,2019,12,14,20.964481,5,"2019-5"
5735.5,2019,12,14,20.197935,5,"2019-5"
5736,2019,12,15,19.446525,5,"2019-5"
5736.5,2019,12,15,18.758114,5,"2019-5"
5737,2019,12,16,18.172748,5,"2019-5"
5737.5,2019,12,16,17.719864,5,"2019-5"
5738,2019,12,17,17.416389,5,"2019-5"
5738.5,2019,12,17,17.265872,5,"2019-5"
5739,2019,12,18,17.258677,5,"2019-5"
5739.5,2019,12,18,17.373219,5,"2019-5"
5740,2019,12,19,17.578125,5,"2019-5"
5740.5,2019,12,19,17.83517,5,"2019-5"
5741,2019,12,20,18.102756,5,"2019-5"
5741.5,2019,12,20,18.339648,5,"2019-5"
5742,2019,12,21,18.508675,5,"2019-5"
5742.5,2019,12,21,18.580068,5,"2019-5"
5743,2019,12,22,18.534123,5,"2019-5"
5743.5,2019,12,22,18.362944,5,"2019-5"
5744,2019,12,23,18.071083,5,"2019-5"
5744.5,2019,12,23,17.675005,5,"2019-5"
5745,2019,12,24,17.201428,5,"2019-5"
5745.5,2019,12,24,16.684705,5,"2019-5"
5746,2019,12,25,16.163515,5,"2019-5"
5746.5,2019,12,25,15.677202,5,"2019-5"
5747,2019,12,26,15.26213,5,"2019-5"
5747.5,2019,12,26,14.94841,5,"2019-5"
5748,2019,12,27,14.7573,5,"2019-5"
5748.5,2019,12,27,14.699499,5,"2019-5"
5749,2019,12,28,14.77445,5,"2019-5"
5749.5,2019,12,28,14.970691,5,"2019-5"
5750,2019,12,29,15.267169,5,"2019-5"
5750.5,2019,12,29,15.635381,5,"2019-5"
5751,2019,12,30,16.042137,5,"2019-5"
5751.5,2019,12,30,16.452709,5,"2019-5"
5752,2019,12,31,16.834113,5,"2019-5"
5752.5,2019,12,31,17.158253,5,"2019-5"
5753,2020,1,1,17.404692,2,"2020-2"
5753.5,2020,1,1,17.562837,2,"2020-2"
5754,2020,1,2,17.633327,2,"2020-2"
5754.5,2020,1,2,17.628519,2,"2020-2"
5755,2020,1,3,17.571965,2,"2020-2"
5755.5,2020,1,3,17.496862,2,"2020-2"
5756,2020,1,4,17.443546,2,"2020-2"
5756.5,2020,1,4,17.456138,2,"2020-2"
5757,2020,1,5,17.578579,2,"2020-2"
5757.5,2020,1,5,17.850332,2,"2020-2"
5758,2020,1,6,18.302123,2,"2020-2"
5758.5,2020,1,6,18.95211,2,"2020-2"
5759,2020,1,7,19.802885,2,"2020-2"
5759.5,2020,1,7,20.839665,2,"2020-2"
5760,2020,1,8,22.029943,2,"2020-2"
5760.5,2020,1,8,23.324736,2,"2020-2"
5761,2020,1,9,24.661413,2,"2020-2"
5761.5,2020,1,9,25.967919,2,"2020-2"
5762,2020,1,10,27.168051,2,"2020-2"
5762.5,2020,1,10,28.187306,2,"2020-2"
5763,2020,1,11,28.958754,2,"2020-2"
5763.5,2020,1,11,29.428371,2,"2020-2"
5764,2020,1,12,29.559294,2,"2020-2"
5764.5,2020,1,12,29.334613,2,"2020-2"
5765,2020,1,13,28.758419,2,"2020-2"
5765.5,2020,1,13,27.855068,2,"2020-2"
5766,2020,1,14,26.66678,2,"2020-2"
5766.5,2020,1,14,25.249877,2,"2020-2"
5767,2020,1,15,23.670081,2,"2020-2"
5767.5,2020,1,15,21.997378,2,"2020-2"
5768,2020,1,16,20.300968,2,"2020-2"
5768.5,2020,1,16,18.644738,2,"2020-2"
5769,2020,1,17,17.083662,2,"2020-2"
5769.5,2020,1,17,15.66133,2,"2020-2"
5770,2020,1,18,14.408707,2,"2020-2"
5770.5,2020,1,18,13.344066,2,"2020-2"
5771,2020,1,19,12.473917,2,"2020-2"
5771.5,2020,1,19,11.794659,2,"2020-2"
5772,2020,1,20,11.29467,2,"2020-2"
5772.5,2020,1,20,10.95651,2,"2020-2"
5773,2020,1,21,10.759015,2,"2020-2"
5773.5,2020,1,21,10.679087,2,"2020-2"
5774,2020,1,22,10.693102,2,"2020-2"
5774.5,2020,1,22,10.777933,2,"2020-2"
5775,2020,1,23,10.911645,2,"2020-2"
5775.5,2020,1,23,11.073959,2,"2020-2"
5776,2020,1,24,11.246585,2,"2020-2"
5776.5,2020,1,24,11.413499,2,"2020-2"
5777,2020,1,25,11.561223,2,"2020-2"
5777.5,2020,1,25,11.679096,2,"2020-2"
5778,2020,1,26,11.759538,2,"2020-2"
5778.5,2020,1,26,11.798256,2,"2020-2"
5779,2020,1,27,11.794364,2,"2020-2"
5779.5,2020,1,27,11.750389,2,"2020-2"
5780,2020,1,28,11.672149,2,"2020-2"
5780.5,2020,1,28,11.568516,2,"2020-2"
5781,2020,1,29,11.45108,2,"2020-2"
5781.5,2020,1,29,11.333727,2,"2020-2"
5782,2020,1,30,11.23215,2,"2020-2"
5782.5,2020,1,30,11.163284,2,"2020-2"
5783,2020,1,31,11.14466,2,"2020-2"
5783.5,2020,1,31,11.193639,2,"2020-2"
5784,2020,2,1,11.326535,2,"2020-2"
5784.5,2020,2,1,11.557604,2,"2020-2"
5785,2020,2,2,11.897952,2,"2020-2"
5785.5,2020,2,2,12.354424,2,"2020-2"
5786,2020,2,3,12.928586,2,"2020-2"
5786.5,2020,2,3,13.615939,2,"2020-2"
5787,2020,2,4,14.405487,2,"2020-2"
5787.5,2020,2,4,15.279789,2,"2020-2"
5788,2020,2,5,16.215564,2,"2020-2"
5788.5,2020,2,5,17.184842,2,"2020-2"
5789,2020,2,6,18.156625,2,"2020-2"
5789.5,2020,2,6,19.098897,2,"2020-2"
5790,2020,2,7,19.980827,2,"2020-2"
5790.5,2020,2,7,20.774929,2,"2020-2"
5791,2020,2,8,21.458968,2,"2020-2"
5791.5,2020,2,8,22.017413,2,"2020-2"
5792,2020,2,9,22.442289,2,"2020-2"
5792.5,2020,2,9,22.733339,2,"2020-2"
5793,2020,2,10,22.897479,2,"2020-2"
5793.5,2020,2,10,22.947626,2,"2020-2"
5794,2020,2,11,22.900999,2,"2020-2"
5794.5,2020,2,11,22.777094,2,"2020-2"
5795,2020,2,12,22.595529,2,"2020-2"
5795.5,2020,2,12,22.373997,2,"2020-2"
5796,2020,2,13,22.126526,2,"2020-2"
5796.5,2020,2,13,21.86225,2,"2020-2"
5797,2020,2,14,21.584815,2,"2020-2"
5797.5,2020,2,14,21.292494,2,"2020-2"
5798,2020,2,15,20.979009,2,"2020-2"
5798.5,2020,2,15,20.634978,2,"2020-2"
5799,2020,2,16,20.249818,2,"2020-2"
5799.5,2020,2,16,19.813902,2,"2020-2"
5800,2020,2,17,19.320685,2,"2020-2"
5800.5,2020,2,17,18.768545,2,"2020-2"
5801,2020,2,18,18.162075,2,"2020-2"
5801.5,2020,2,18,17.512625,2,"2020-2"
5802,2020,2,19,16.837998,2,"2020-2"
5802.5,2020,2,19,16.161267,2,"2020-2"
5803,2020,2,20,15.50886,2,"2020-2"
5803.5,2020,2,20,14.908095,2,"2020-2"
5804,2020,2,21,14.384501,2,"2020-2"
5804.5,2020,2,21,13.959244,2,"2020-2"
5805,2020,2,22,13.647016,2,"2020-2"
5805.5,2020,2,22,13.45468,2,"2020-2"
5806,2020,2,23,13.380842,2,"2020-2"
5806.5,2020,2,23,13.416414,2,"2020-2"
5807,2020,2,24,13.54606,2,"2020-2"
5807.5,2020,2,24,13.75032,2,"2020-2"
5808,2020,2,25,14.008051,2,"2020-2"
5808.5,2020,2,25,14.298859,2,"2020-2"
5809,2020,2,26,14.605137,2,"2020-2"
5809.5,2020,2,26,14.913453,2,"2020-2"
5810,2020,2,27,15.215133,2,"2020-2"
5810.5,2020,2,27,15.506014,2,"2020-2"
5811,2020,2,28,15.785512,2,"2020-2"
5811.5,2020,2,28,16.055234,2,"2020-2"
5812,2020,2,29,16.317462,2,"2020-2"
5812.5,2020,2,29,16.573802,2,"2020-2"
5813,2020,3,1,16.824306,2,"2020-2"
5813.5,2020,3,1,17.067209,2,"2020-2"
5814,2020,3,2,17.29935,2,"2020-2"
5814.5,2020,3,2,17.517191,2,"2020-2"
5815,2020,3,3,17.718216,2,"2020-2"
5815.5,2020,3,3,17.902415,2,"2020-2"
5816,2020,3,4,18.07355,2,"2020-2"
5816.5,2020,3,4,18.239858,2,"2020-2"
5817,2020,3,5,18.414003,2,"2020-2"
5817.5,2020,3,5,18.612149,2,"2020-2"
5818,2020,3,6,18.852203,2,"2020-2"
5818.5,2020,3,6,19.15142,2,"2020-2"
5819,2020,3,7,19.523671,2,"2020-2"
5819.5,2020,3,7,19.976786,2,"2020-2"
5820,2020,3,8,20.510359,2,"2020-2"
5820.5,2020,3,8,21.114403,2,"2020-2"
5821,2020,3,9,21.76912,2,"2020-2"
5821.5,2020,3,9,22.445894,2,"2020-2"
5822,2020,3,10,23.109473,2,"2020-2"
5822.5,2020,3,10,23.721106,2,"2020-2"
5823,2020,3,11,24.242303,2,"2020-2"
5823.5,2020,3,11,24.638762,2,"2020-2"
5824,2020,3,12,24.883996,2,"2020-2"
5824.5,2020,3,12,24.962231,2,"2020-2"
5825,2020,3,13,24.870214,2,"2020-2"
5825.5,2020,3,13,24.617722,2,"2020-2"
5826,2020,3,14,24.226694,2,"2020-2"
5826.5,2020,3,14,23.729088,2,"2020-2"
5827,2020,3,15,23.163708,2,"2020-2"
5827.5,2020,3,15,22.572362,2,"2020-2"
5828,2020,3,16,21.99579,2,"2020-2"
5828.5,2020,3,16,21.469828,2,"2020-2"
5829,2020,3,17,21.022221,2,"2020-2"
5829.5,2020,3,17,20.670428,2,"2020-2"
5830,2020,3,18,20.420627,2,"2020-2"
5830.5,2020,3,18,20.267973,2,"2020-2"
5831,2020,3,19,20.198014,2,"2020-2"
5831.5,2020,3,19,20.189056,2,"2020-2"
5832,2020,3,20,20.215133,2,"2020-2"
5832.5,2020,3,20,20.24921,2,"2020-2"
5833,2020,3,21,20.266233,2,"2020-2"
5833.5,2020,3,21,20.24568,2,"2020-2"
5834,2020,3,22,20.173344,2,"2020-2"
5834.5,2020,3,22,20.042195,2,"2020-2"
5835,2020,3,23,19.852273,2,"2020-2"
5835.5,2020,3,23,19.609697,2,"2020-2"
5836,2020,3,24,19.324963,2,"2020-2"
5836.5,2020,3,24,19.010782,2,"2020-2"
5837,2020,3,25,18.679743,2,"2020-2"
5837.5,2020,3,25,18.342117,2,"2020-2"
5838,2020,3,26,18.004042,2,"2020-2"
5838.5,2020,3,26,17.666336,2,"2020-2"
5839,2020,3,27,17.324045,2,"2020-2"
5839.5,2020,3,27,16.966787,2,"2020-2"
5840,2020,3,28,16.579845,2,"2020-2"
5840.5,2020,3,28,16.145869,2,"2020-2"
5841,2020,3,29,15.646993,2,"2020-2"
5841.5,2020,3,29,15.067126,2,"2020-2"
5842,2020,3,30,14.394183,2,"2020-2"
5842.5,2020,3,30,13.622003,2,"2020-2"
5843,2020,3,31,12.751779,2,"2020-2"
5843.5,2020,3,31,11.792886,2,"2020-2"
5844,2020,4,1,10.763023,3,"2020-3"
5844.5,2020,4,1,9.6877078,3,"2020-3"
5845,2020,4,2,8.5991771,3,"2020-3"
5845.5,2020,4,2,7.5348,3,"2020-3"
5846,2020,4,3,6.5351497,3,"2020-3"
5846.5,2020,4,3,5.6418628,3,"2020-3"
5847,2020,4,4,4.8954231,3,"2020-3"
5847.5,2020,4,4,4.3329871,3,"2020-3"
5848,2020,4,5,3.9863499,3,"2020-3"
5848.5,2020,4,5,3.8801363,3,"2020-3"
5849,2020,4,6,4.0302876,3,"2020-3"
5849.5,2020,4,6,4.4429082,3,"2020-3"
5850,2020,4,7,5.1135287,3,"2020-3"
5850.5,2020,4,7,6.0268395,3,"2020-3"
5851,2020,4,8,7.1569369,3,"2020-3"
5851.5,2020,4,8,8.4681155,3,"2020-3"
5852,2020,4,9,9.916216,3,"2020-3"
5852.5,2020,4,9,11.45051,3,"2020-3"
5853,2020,4,10,13.01607,3,"2020-3"
5853.5,2020,4,10,14.556518,3,"2020-3"
5854,2020,4,11,16.017024,3,"2020-3"
5854.5,2020,4,11,17.347358,3,"2020-3"
5855,2020,4,12,18.504789,3,"2020-3"
5855.5,2020,4,12,19.456586,3,"2020-3"
5856,2020,4,13,20.181924,3,"2020-3"
5856.5,2020,4,13,20.672971,3,"2020-3"
5857,2020,4,14,20.935054,3,"2020-3"
5857.5,2020,4,14,20.985847,3,"2020-3"
5858,2020,4,15,20.85363,3,"2020-3"
5858.5,2020,4,15,20.574766,3,"2020-3"
5859,2020,4,16,20.190637,3,"2020-3"
5859.5,2020,4,16,19.744321,3,"2020-3"
5860,2020,4,17,19.277327,3,"2020-3"
5860.5,2020,4,17,18.826691,3,"2020-3"
5861,2020,4,18,18.422688,3,"2020-3"
5861.5,2020,4,18,18.087316,3,"2020-3"
5862,2020,4,19,17.833661,3,"2020-3"
5862.5,2020,4,19,17.66609,3,"2020-3"
5863,2020,4,20,17.581196,3,"2020-3"
5863.5,2020,4,20,17.569291,3,"2020-3"
5864,2020,4,21,17.616271,3,"2020-3"
5864.5,2020,4,21,17.70559,3,"2020-3"
5865,2020,4,22,17.82016,3,"2020-3"
5865.5,2020,4,22,17.943975,3,"2020-3"
5866,2020,4,23,18.063359,3,"2020-3"
5866.5,2020,4,23,18.167731,3,"2020-3"
5867,2020,4,24,18.2499,3,"2020-3"
5867.5,2020,4,24,18.305903,3,"2020-3"
5868,2020,4,25,18.334486,3,"2020-3"
5868.5,2020,4,25,18.336329,3,"2020-3"
5869,2020,4,26,18.313169,3,"2020-3"
5869.5,2020,4,26,18.26694,3,"2020-3"
5870,2020,4,27,18.199086,3,"2020-3"
5870.5,2020,4,27,18.110113,3,"2020-3"
5871,2020,4,28,17.999452,3,"2020-3"
5871.5,2020,4,28,17.865616,3,"2020-3"
5872,2020,4,29,17.706598,3,"2020-3"
5872.5,2020,4,29,17.52042,3,"2020-3"
5873,2020,4,30,17.30571,3,"2020-3"
5873.5,2020,4,30,17.062196,3,"2020-3"
5874,2020,5,1,16.791025,3,"2020-3"
5874.5,2020,5,1,16.494844,3,"2020-3"
5875,2020,5,2,16.177672,3,"2020-3"
5875.5,2020,5,2,15.84458,3,"2020-3"
5876,2020,5,3,15.501289,3,"2020-3"
5876.5,2020,5,3,15.153763,3,"2020-3"
5877,2020,5,4,14.807907,3,"2020-3"
5877.5,2020,5,4,14.469413,3,"2020-3"
5878,2020,5,5,14.143779,3,"2020-3"
5878.5,2020,5,5,13.836485,3,"2020-3"
5879,2020,5,6,13.553236,3,"2020-3"
5879.5,2020,5,6,13.300213,3,"2020-3"
5880,2020,5,7,13.084225,3,"2020-3"
5880.5,2020,5,7,12.912691,3,"2020-3"
5881,2020,5,8,12.793407,3,"2020-3"
5881.5,2020,5,8,12.73407,3,"2020-3"
5882,2020,5,9,12.741594,3,"2020-3"
5882.5,2020,5,9,12.821265,3,"2020-3"
5883,2020,5,10,12.97582,3,"2020-3"
5883.5,2020,5,10,13.20455,3,"2020-3"
5884,2020,5,11,13.502551,3,"2020-3"
5884.5,2020,5,11,13.860231,3,"2020-3"
5885,2020,5,12,14.263177,3,"2020-3"
5885.5,2020,5,12,14.692463,3,"2020-3"
5886,2020,5,13,15.125433,3,"2020-3"
5886.5,2020,5,13,15.536937,3,"2020-3"
5887,2020,5,14,15.900971,3,"2020-3"
5887.5,2020,5,14,16.192592,3,"2020-3"
5888,2020,5,15,16.389943,3,"2020-3"
5888.5,2020,5,15,16.476224,3,"2020-3"
5889,2020,5,16,16.4414,3,"2020-3"
5889.5,2020,5,16,16.283479,3,"2020-3"
5890,2020,5,17,16.009222,3,"2020-3"
5890.5,2020,5,17,15.6342,3,"2020-3"
5891,2020,5,18,15.182153,3,"2020-3"
5891.5,2020,5,18,14.683686,3,"2020-3"
5892,2020,5,19,14.174375,3,"2020-3"
5892.5,2020,5,19,13.692419,3,"2020-3"
5893,2020,5,20,13.27599,3,"2020-3"
5893.5,2020,5,20,12.960484,3,"2020-3"
5894,2020,5,21,12.775866,3,"2020-3"
5894.5,2020,5,21,12.744332,3,"2020-3"
5895,2020,5,22,12.878453,3,"2020-3"
5895.5,2020,5,22,13.179969,3,"2020-3"
5896,2020,5,23,13.639342,3,"2020-3"
5896.5,2020,5,23,14.236114,3,"2020-3"
5897,2020,5,24,14.940073,3,"2020-3"
5897.5,2020,5,24,15.713161,3,"2020-3"
5898,2020,5,25,16.511988,3,"2020-3"
5898.5,2020,5,25,17.290797,3,"2020-3"
5899,2020,5,26,18.004663,3,"2020-3"
5899.5,2020,5,26,18.612679,3,"2020-3"
5900,2020,5,27,19.080911,3,"2020-3"
5900.5,2020,5,27,19.384864,3,"2020-3"
5901,2020,5,28,19.511257,3,"2020-3"
5901.5,2020,5,28,19.458958,3,"2020-3"
5902,2020,5,29,19.238967,3,"2020-3"
5902.5,2020,5,29,18.873431,3,"2020-3"
5903,2020,5,30,18.393756,3,"2020-3"
5903.5,2020,5,30,17.837964,3,"2020-3"
5904,2020,5,31,17.247514,3,"2020-3"
5904.5,2020,5,31,16.663862,3,"2020-3"
5905,2020,6,1,16.125086,3,"2020-3"
5905.5,2020,6,1,15.662862,3,"2020-3"
5906,2020,6,2,15.300091,3,"2020-3"
5906.5,2020,6,2,15.049374,3,"2020-3"
5907,2020,6,3,14.912464,3,"2020-3"
5907.5,2020,6,3,14.880722,3,"2020-3"
5908,2020,6,4,14.93651,3,"2020-3"
5908.5,2020,6,4,15.055327,3,"2020-3"
5909,2020,6,5,15.208485,3,"2020-3"
5909.5,2020,6,5,15.366016,3,"2020-3"
5910,2020,6,6,15.499541,3,"2020-3"
5910.5,2020,6,6,15.584809,3,"2020-3"
5911,2020,6,7,15.603706,3,"2020-3"
5911.5,2020,6,7,15.545545,3,"2020-3"
5912,2020,6,8,15.407584,3,"2020-3"
5912.5,2020,6,8,15.194762,3,"2020-3"
5913,2020,6,9,14.918736,3,"2020-3"
5913.5,2020,6,9,14.596374,3,"2020-3"
5914,2020,6,10,14.247906,3,"2020-3"
5914.5,2020,6,10,13.894924,3,"2020-3"
5915,2020,6,11,13.55848,3,"2020-3"
5915.5,2020,6,11,13.257424,3,"2020-3"
5916,2020,6,12,13.00715,3,"2020-3"
5916.5,2020,6,12,12.818806,3,"2020-3"
5917,2020,6,13,12.698999,3,"2020-3"
5917.5,2020,6,13,12.649956,3,"2020-3"
5918,2020,6,14,12.670063,3,"2020-3"
5918.5,2020,6,14,12.754671,3,"2020-3"
5919,2020,6,15,12.897054,3,"2020-3"
5919.5,2020,6,15,13.08939,3,"2020-3"
5920,2020,6,16,13.323658,3,"2020-3"
5920.5,2020,6,16,13.592378,3,"2020-3"
5921,2020,6,17,13.889125,3,"2020-3"
5921.5,2020,6,17,14.208793,3,"2020-3"
5922,2020,6,18,14.547627,3,"2020-3"
5922.5,2020,6,18,14.903026,3,"2020-3"
5923,2020,6,19,15.273187,3,"2020-3"
5923.5,2020,6,19,15.656649,3,"2020-3"
5924,2020,6,20,16.051794,3,"2020-3"
5924.5,2020,6,20,16.456404,3,"2020-3"
5925,2020,6,21,16.867327,3,"2020-3"
5925.5,2020,6,21,17.280306,3,"2020-3"
5926,2020,6,22,17.690018,3,"2020-3"
5926.5,2020,6,22,18.09032,3,"2020-3"
5927,2020,6,23,18.474687,3,"2020-3"
5927.5,2020,6,23,18.836782,3,"2020-3"
5928,2020,6,24,19.171095,3,"2020-3"
5928.5,2020,6,24,19.473559,3,"2020-3"
5929,2020,6,25,19.742037,3,"2020-3"
5929.5,2020,6,25,19.976629,3,"2020-3"
5930,2020,6,26,20.179702,3,"2020-3"
5930.5,2020,6,26,20.355654,3,"2020-3"
5931,2020,6,27,20.510394,3,"2020-3"
5931.5,2020,6,27,20.650606,3,"2020-3"
5932,2020,6,28,20.782865,3,"2020-3"
5932.5,2020,6,28,20.912715,3,"2020-3"
5933,2020,6,29,21.04381,3,"2020-3"
5933.5,2020,6,29,21.177246,3,"2020-3"
5934,2020,6,30,21.311156,3,"2020-3"
5934.5,2020,6,30,21.440636,3,"2020-3"
5935,2020,7,1,21.558043,3,"2020-3"
5935.5,2020,7,1,21.65362,3,"2020-3"
5936,2020,7,2,21.71643,3,"2020-3"
5936.5,2020,7,2,21.735486,3,"2020-3"
5937,2020,7,3,21.70097,3,"2020-3"
5937.5,2020,7,3,21.605421,3,"2020-3"
5938,2020,7,4,21.444757,3,"2020-3"
5938.5,2020,7,4,21.219024,3,"2020-3"
5939,2020,7,5,20.932781,3,"2020-3"
5939.5,2020,7,5,20.595068,3,"2020-3"
5940,2020,7,6,20.218961,3,"2020-3"
5940.5,2020,7,6,19.820714,3,"2020-3"
5941,2020,7,7,19.418589,3,"2020-3"
5941.5,2020,7,7,19.031449,3,"2020-3"
5942,2020,7,8,18.677236,3,"2020-3"
5942.5,2020,7,8,18.371477,3,"2020-3"
5943,2020,7,9,18.125942,3,"2020-3"
5943.5,2020,7,9,17.947576,3,"2020-3"
5944,2020,7,10,17.837821,3,"2020-3"
5944.5,2020,7,10,17.792417,3,"2020-3"
5945,2020,7,11,17.801716,3,"2020-3"
5945.5,2020,7,11,17.851545,3,"2020-3"
5946,2020,7,12,17.92456,3,"2020-3"
5946.5,2020,7,12,18.002014,3,"2020-3"
5947,2020,7,13,18.065791,3,"2020-3"
5947.5,2020,7,13,18.100509,3,"2020-3"
5948,2020,7,14,18.095481,3,"2020-3"
5948.5,2020,7,14,18.046288,3,"2020-3"
5949,2020,7,15,17.955766,3,"2020-3"
5949.5,2020,7,15,17.834235,3,"2020-3"
5950,2020,7,16,17.698895,3,"2020-3"
5950.5,2020,7,16,17.572379,3,"2020-3"
5951,2020,7,17,17.480586,3,"2020-3"
5951.5,2020,7,17,17.449998,3,"2020-3"
5952,2020,7,18,17.50473,3,"2020-3"
5952.5,2020,7,18,17.663663,3,"2020-3"
5953,2020,7,19,17.937958,3,"2020-3"
5953.5,2020,7,19,18.329248,3,"2020-3"
5954,2020,7,20,18.82872,3,"2020-3"
5954.5,2020,7,20,19.417218,3,"2020-3"
5955,2020,7,21,20.066363,3,"2020-3"
5955.5,2020,7,21,20.740605,3,"2020-3"
5956,2020,7,22,21.399999,3,"2020-3"
5956.5,2020,7,22,22.003443,3,"2020-3"
5957,2020,7,23,22.512055,3,"2020-3"
5957.5,2020,7,23,22.892374,3,"2020-3"
5958,2020,7,24,23.119078,3,"2020-3"
5958.5,2020,7,24,23.176967,3,"2020-3"
5959,2020,7,25,23.062044,3,"2020-3"
5959.5,2020,7,25,22.781604,3,"2020-3"
5960,2020,7,26,22.35334,3,"2020-3"
5960.5,2020,7,26,21.803564,3,"2020-3"
5961,2020,7,27,21.164731,3,"2020-3"
5961.5,2020,7,27,20.472502,3,"2020-3"
5962,2020,7,28,19.76262,3,"2020-3"
5962.5,2020,7,28,19.067906,3,"2020-3"
5963,2020,7,29,18.415629,3,"2020-3"
5963.5,2020,7,29,17.825516,3,"2020-3"
5964,2020,7,30,17.308556,3,"2020-3"
5964.5,2020,7,30,16.866712,3,"2020-3"
5965,2020,7,31,16.493561,3,"2020-3"
5965.5,2020,7,31,16.175757,3,"2020-3"
5966,2020,8,1,15.895181,4,"2020-4"
5966.5,2020,8,1,15.631517,4,"2020-4"
5967,2020,8,2,15.364987,4,"2020-4"
5967.5,2020,8,2,15.078935,4,"2020-4"
5968,2020,8,3,14.761995,4,"2020-4"
5968.5,2020,8,3,14.409592,4,"2020-4"
5969,2020,8,4,14.024651,4,"2020-4"
5969.5,2020,8,4,13.617436,4,"2020-4"
5970,2020,8,5,13.204558,4,"2020-4"
5970.5,2020,8,5,12.807292,4,"2020-4"
5971,2020,8,6,12.449393,4,"2020-4"
5971.5,2020,8,6,12.154646,4,"2020-4"
5972,2020,8,7,11.944425,4,"2020-4"
5972.5,2020,8,7,11.835496,4,"2020-4"
5973,2020,8,8,11.83828,4,"2020-4"
5973.5,2020,8,8,11.955735,4,"2020-4"
5974,2020,8,9,12.182944,4,"2020-4"
5974.5,2020,8,9,12.507442,4,"2020-4"
5975,2020,8,10,12.910224,4,"2020-4"
5975.5,2020,8,10,13.367348,4,"2020-4"
5976,2020,8,11,13.851959,4,"2020-4"
5976.5,2020,8,11,14.336563,4,"2020-4"
5977,2020,8,12,14.795333,4,"2020-4"
5977.5,2020,8,12,15.206235,4,"2020-4"
5978,2020,8,13,15.552793,4,"2020-4"
5978.5,2020,8,13,15.825323,4,"2020-4"
5979,2020,8,14,16.021536,4,"2020-4"
5979.5,2020,8,14,16.146441,4,"2020-4"
5980,2020,8,15,16.211596,4,"2020-4"
5980.5,2020,8,15,16.233744,4,"2020-4"
5981,2020,8,16,16.232998,4,"2020-4"
5981.5,2020,8,16,16.230739,4,"2020-4"
5982,2020,8,17,16.247429,4,"2020-4"
5982.5,2020,8,17,16.300559,4,"2020-4"
5983,2020,8,18,16.402926,4,"2020-4"
5983.5,2020,8,18,16.561413,4,"2020-4"
5984,2020,8,19,16.776391,4,"2020-4"
5984.5,2020,8,19,17.041812,4,"2020-4"
5985,2020,8,20,17.345963,4,"2020-4"
5985.5,2020,8,20,17.67283,4,"2020-4"
5986,2020,8,21,18.003887,4,"2020-4"
5986.5,2020,8,21,18.320146,4,"2020-4"
5987,2020,8,22,18.604215,4,"2020-4"
5987.5,2020,8,22,18.842141,4,"2020-4"
5988,2020,8,23,19.024827,4,"2020-4"
5988.5,2020,8,23,19.148858,4,"2020-4"
5989,2020,8,24,19.216643,4,"2020-4"
5989.5,2020,8,24,19.235861,4,"2020-4"
5990,2020,8,25,19.218287,4,"2020-4"
5990.5,2020,8,25,19.178134,4,"2020-4"
5991,2020,8,26,19.130146,4,"2020-4"
5991.5,2020,8,26,19.087659,4,"2020-4"
5992,2020,8,27,19.060905,4,"2020-4"
5992.5,2020,8,27,19.055761,4,"2020-4"
5993,2020,8,28,19.073108,4,"2020-4"
5993.5,2020,8,28,19.108903,4,"2020-4"
5994,2020,8,29,19.154921,4,"2020-4"
5994.5,2020,8,29,19.20012,4,"2020-4"
5995,2020,8,30,19.232414,4,"2020-4"
5995.5,2020,8,30,19.24065,4,"2020-4"
5996,2020,8,31,19.216533,4,"2020-4"
5996.5,2020,8,31,19.156228,4,"2020-4"
5997,2020,9,1,19.061443,4,"2020-4"
5997.5,2020,9,1,18.939821,4,"2020-4"
5998,2020,9,2,18.804577,4,"2020-4"
5998.5,2020,9,2,18.673394,4,"2020-4"
5999,2020,9,3,18.566692,4,"2020-4"
5999.5,2020,9,3,18.505442,4,"2020-4"
6000,2020,9,4,18.50877,4,"2020-4"
6000.5,2020,9,4,18.591617,4,"2020-4"
6001,2020,9,5,18.762718,4,"2020-4"
6001.5,2020,9,5,19.023129,4,"2020-4"
6002,2020,9,6,19.365496,4,"2020-4"
6002.5,2020,9,6,19.774172,4,"2020-4"
6003,2020,9,7,20.226199,4,"2020-4"
6003.5,2020,9,7,20.693115,4,"2020-4"
6004,2020,9,8,21.143404,4,"2020-4"
6004.5,2020,9,8,21.545371,4,"2020-4"
6005,2020,9,9,21.870137,4,"2020-4"
6005.5,2020,9,9,22.094422,4,"2020-4"
6006,2020,9,10,22.202781,4,"2020-4"
6006.5,2020,9,10,22.189018,4,"2020-4"
6007,2020,9,11,22.056549,4,"2020-4"
6007.5,2020,9,11,21.817648,4,"2020-4"
6008,2020,9,12,21.491613,4,"2020-4"
6008.5,2020,9,12,21.102054,4,"2020-4"
6009,2020,9,13,20.673629,4,"2020-4"
6009.5,2020,9,13,20.228648,4,"2020-4"
6010,2020,9,14,19.784005,4,"2020-4"
6010.5,2020,9,14,19.348875,4,"2020-4"
6011,2020,9,15,18.923522,4,"2020-4"
6011.5,2020,9,15,18.499438,4,"2020-4"
6012,2020,9,16,18.060825,4,"2020-4"
6012.5,2020,9,16,17.587282,4,"2020-4"
6013,2020,9,17,17.057344,4,"2020-4"
6013.5,2020,9,17,16.452413,4,"2020-4"
6014,2020,9,18,15.760551,4,"2020-4"
6014.5,2020,9,18,14.979584,4,"2020-4"
6015,2020,9,19,14.119077,4,"2020-4"
6015.5,2020,9,19,13.20087,4,"2020-4"
6016,2020,9,20,12.258073,4,"2020-4"
6016.5,2020,9,20,11.332608,4,"2020-4"
6017,2020,9,21,10.471627,4,"2020-4"
6017.5,2020,9,21,9.7232219,4,"2020-4"
6018,2020,9,22,9.1319766,4,"2020-4"
6018.5,2020,9,22,8.7348631,4,"2020-4"
6019,2020,9,23,8.5579493,4,"2020-4"
6019.5,2020,9,23,8.6142343,4,"2020-4"
6020,2020,9,24,8.9027809,4,"2020-4"
6020.5,2020,9,24,9.4091524,4,"2020-4"
6021,2020,9,25,10.10701,4,"2020-4"
6021.5,2020,9,25,10.960612,4,"2020-4"
6022,2020,9,26,11.927889,4,"2020-4"
6022.5,2020,9,26,12.963733,4,"2020-4"
6023,2020,9,27,14.023163,4,"2020-4"
6023.5,2020,9,27,15.064087,4,"2020-4"
6024,2020,9,28,16.049461,4,"2020-4"
6024.5,2020,9,28,16.94875,4,"2020-4"
6025,2020,9,29,17.738665,4,"2020-4"
6025.5,2020,9,29,18.403285,4,"2020-4"
6026,2020,9,30,18.933664,4,"2020-4"
6026.5,2020,9,30,19.32711,4,"2020-4"
6027,2020,10,1,19.586291,4,"2020-4"
6027.5,2020,10,1,19.718314,4,"2020-4"
6028,2020,10,2,19.733869,4,"2020-4"
6028.5,2020,10,2,19.646504,4,"2020-4"
6029,2020,10,3,19.472013,4,"2020-4"
6029.5,2020,10,3,19.227917,4,"2020-4"
6030,2020,10,4,18.932968,4,"2020-4"
6030.5,2020,10,4,18.606614,4,"2020-4"
6031,2020,10,5,18.268382,4,"2020-4"
6031.5,2020,10,5,17.937143,4,"2020-4"
6032,2020,10,6,17.630287,4,"2020-4"
6032.5,2020,10,6,17.362851,4,"2020-4"
6033,2020,10,7,17.146684,4,"2020-4"
6033.5,2020,10,7,16.98973,4,"2020-4"
6034,2020,10,8,16.895539,4,"2020-4"
6034.5,2020,10,8,16.863063,4,"2020-4"
6035,2020,10,9,16.886784,4,"2020-4"
6035.5,2020,10,9,16.957182,4,"2020-4"
6036,2020,10,10,17.061497,4,"2020-4"
6036.5,2020,10,10,17.18473,4,"2020-4"
6037,2020,10,11,17.310773,4,"2020-4"
6037.5,2020,10,11,17.423579,4,"2020-4"
6038,2020,10,12,17.508278,4,"2020-4"
6038.5,2020,10,12,17.552136,4,"2020-4"
6039,2020,10,13,17.545325,4,"2020-4"
6039.5,2020,10,13,17.481443,4,"2020-4"
6040,2020,10,14,17.357805,4,"2020-4"
6040.5,2020,10,14,17.175503,4,"2020-4"
6041,2020,10,15,16.939271,4,"2020-4"
6041.5,2020,10,15,16.657191,4,"2020-4"
6042,2020,10,16,16.340278,4,"2020-4"
6042.5,2020,10,16,16.00197,4,"2020-4"
6043,2020,10,17,15.657547,4,"2020-4"
6043.5,2020,10,17,15.323497,4,"2020-4"
6044,2020,10,18,15.016839,4,"2020-4"
6044.5,2020,10,18,14.754414,4,"2020-4"
6045,2020,10,19,14.552163,4,"2020-4"
6045.5,2020,10,19,14.424381,4,"2020-4"
6046,2020,10,20,14.383001,4,"2020-4"
6046.5,2020,10,20,14.436889,4,"2020-4"
6047,2020,10,21,14.591223,4,"2020-4"
6047.5,2020,10,21,14.846965,4,"2020-4"
6048,2020,10,22,15.200497,4,"2020-4"
6048.5,2020,10,22,15.643457,4,"2020-4"
6049,2020,10,23,16.162841,4,"2020-4"
6049.5,2020,10,23,16.741372,4,"2020-4"
6050,2020,10,24,17.358172,4,"2020-4"
6050.5,2020,10,24,17.989698,4,"2020-4"
6051,2020,10,25,18.610898,4,"2020-4"
6051.5,2020,10,25,19.196512,4,"2020-4"
6052,2020,10,26,19.722428,4,"2020-4"
6052.5,2020,10,26,20.167005,4,"2020-4"
6053,2020,10,27,20.512265,4,"2020-4"
6053.5,2020,10,27,20.744883,4,"2020-4"
6054,2020,10,28,20.856922,4,"2020-4"
6054.5,2020,10,28,20.846276,4,"2020-4"
6055,2020,10,29,20.716807,4,"2020-4"
6055.5,2020,10,29,20.478181,4,"2020-4"
6056,2020,10,30,20.145419,4,"2020-4"
6056.5,2020,10,30,19.738181,4,"2020-4"
6057,2020,10,31,19.279813,4,"2020-4"
6057.5,2020,10,31,18.796187,4,"2020-4"
6058,2020,11,1,18.314388,4,"2020-4"
6058.5,2020,11,1,17.861285,4,"2020-4"
6059,2020,11,2,17.462075,4,"2020-4"
6059.5,2020,11,2,17.138881,4,"2020-4"
6060,2020,11,3,16.909479,4,"2020-4"
6060.5,2020,11,3,16.786264,4,"2020-4"
6061,2020,11,4,16.775524,4,"2020-4"
6061.5,2020,11,4,16.87707,4,"2020-4"
6062,2020,11,5,17.084284,4,"2020-4"
6062.5,2020,11,5,17.384552,4,"2020-4"
6063,2020,11,6,17.760088,4,"2020-4"
6063.5,2020,11,6,18.189084,4,"2020-4"
6064,2020,11,7,18.647119,4,"2020-4"
6064.5,2020,11,7,19.108734,4,"2020-4"
6065,2020,11,8,19.549087,4,"2020-4"
6065.5,2020,11,8,19.945579,4,"2020-4"
6066,2020,11,9,20.27935,4,"2020-4"
6066.5,2020,11,9,20.536559,4,"2020-4"
6067,2020,11,10,20.70938,4,"2020-4"
6067.5,2020,11,10,20.796634,4,"2020-4"
6068,2020,11,11,20.804031,4,"2020-4"
6068.5,2020,11,11,20.743978,4,"2020-4"
6069,2020,11,12,20.634951,4,"2020-4"
6069.5,2020,11,12,20.500429,4,"2020-4"
6070,2020,11,13,20.367429,4,"2020-4"
6070.5,2020,11,13,20.264699,4,"2020-4"
6071,2020,11,14,20.22068,4,"2020-4"
6071.5,2020,11,14,20.261355,4,"2020-4"
6072,2020,11,15,20.408177,4,"2020-4"
6072.5,2020,11,15,20.676229,4,"2020-4"
6073,2020,11,16,21.072814,4,"2020-4"
6073.5,2020,11,16,21.596617,4,"2020-4"
6074,2020,11,17,22.23753,4,"2020-4"
6074.5,2020,11,17,22.977195,4,"2020-4"
6075,2020,11,18,23.790202,4,"2020-4"
6075.5,2020,11,18,24.645841,4,"2020-4"
6076,2020,11,19,25.510234,4,"2020-4"
6076.5,2020,11,19,26.348634,4,"2020-4"
6077,2020,11,20,27.12767,4,"2020-4"
6077.5,2020,11,20,27.817352,4,"2020-4"
6078,2020,11,21,28.392676,4,"2020-4"
6078.5,2020,11,21,28.834748,4,"2020-4"
6079,2020,11,22,29.131398,4,"2020-4"
6079.5,2020,11,22,29.277337,4,"2020-4"
6080,2020,11,23,29.273922,4,"2020-4"
6080.5,2020,11,23,29.128643,4,"2020-4"
6081,2020,11,24,28.854433,4,"2020-4"
6081.5,2020,11,24,28.468878,4,"2020-4"
6082,2020,11,25,27.993372,4,"2020-4"
6082.5,2020,11,25,27.452237,4,"2020-4"
6083,2020,11,26,26.871768,4,"2020-4"
6083.5,2020,11,26,26.279174,4,"2020-4"
6084,2020,11,27,25.701376,4,"2020-4"
6084.5,2020,11,27,25.16364,4,"2020-4"
6085,2020,11,28,24.688091,4,"2020-4"
6085.5,2020,11,28,24.292166,4,"2020-4"
6086,2020,11,29,23.98715,4,"2020-4"
6086.5,2020,11,29,23.776956,4,"2020-4"
6087,2020,11,30,23.657316,4,"2020-4"
6087.5,2020,11,30,23.61557,4,"2020-4"
6088,2020,12,1,23.631148,5,"2020-5"
6088.5,2020,12,1,23.67684,5,"2020-5"
6089,2020,12,2,23.720791,5,"2020-5"
6089.5,2020,12,2,23.729142,5,"2020-5"
6090,2020,12,3,23.669084,5,"2020-5"
6090.5,2020,12,3,23.512075,5,"2020-5"
6091,2020,12,4,23.236878,5,"2020-5"
6091.5,2020,12,4,22.8321,5,"2020-5"
6092,2020,12,5,22.297913,5,"2020-5"
6092.5,2020,12,5,21.646716,5,"2020-5"
6093,2020,12,6,20.902597,5,"2020-5"
6093.5,2020,12,6,20.09958,5,"2020-5"
6094,2020,12,7,19.278763,5,"2020-5"
6094.5,2020,12,7,18.484626,5,"2020-5"
6095,2020,12,8,17.760835,5,"2020-5"
6095.5,2020,12,8,17.146,5,"2020-5"
6096,2020,12,9,16.669815,5,"2020-5"
6096.5,2020,12,9,16.349993,5,"2020-5"
6097,2020,12,10,16.190342,5,"2020-5"
6097.5,2020,12,10,16.180181,5,"2020-5"
6098,2020,12,11,16.295171,5,"2020-5"
6098.5,2020,12,11,16.49949,5,"2020-5"
6099,2020,12,12,16.749138,5,"2020-5"
6099.5,2020,12,12,16.996051,5,"2020-5"
6100,2020,12,13,17.192622,5,"2020-5"
6100.5,2020,12,13,17.296208,5,"2020-5"
6101,2020,12,14,17.273185,5,"2020-5"
6101.5,2020,12,14,17.102186,5,"2020-5"
6102,2020,12,15,16.776205,5,"2020-5"
6102.5,2020,12,15,16.303396,5,"2020-5"
6103,2020,12,16,15.706498,5,"2020-5"
6103.5,2020,12,16,15.020939,5,"2020-5"
6104,2020,12,17,14.291822,5,"2020-5"
6104.5,2020,12,17,13.570064,5,"2020-5"
6105,2020,12,18,12.908052,5,"2020-5"
6105.5,2020,12,18,12.355208,5,"2020-5"
6106,2020,12,19,11.953859,5,"2020-5"
6106.5,2020,12,19,11.735759,5,"2020-5"
6107,2020,12,20,11.719561,5,"2020-5"
6107.5,2020,12,20,11.909441,5,"2020-5"
6108,2020,12,21,12.294958,5,"2020-5"
6108.5,2020,12,21,12.852145,5,"2020-5"
6109,2020,12,22,13.54569,5,"2020-5"
6109.5,2020,12,22,14.332002,5,"2020-5"
6110,2020,12,23,15.162855,5,"2020-5"
6110.5,2020,12,23,15.989257,5,"2020-5"
6111,2020,12,24,16.765188,5,"2020-5"
6111.5,2020,12,24,17.450847,5,"2020-5"
6112,2020,12,25,18.015119,5,"2020-5"
6112.5,2020,12,25,18.437063,5,"2020-5"
6113,2020,12,26,18.706314,5,"2020-5"
6113.5,2020,12,26,18.822462,5,"2020-5"
6114,2020,12,27,18.793529,5,"2020-5"
6114.5,2020,12,27,18.633828,5,"2020-5"
6115,2020,12,28,18.361509,5,"2020-5"
6115.5,2020,12,28,17.99612,5,"2020-5"
6116,2020,12,29,17.556507,5,"2020-5"
6116.5,2020,12,29,17.059283,5,"2020-5"
6117,2020,12,30,16.518013,5,"2020-5"
6117.5,2020,12,30,15.943156,5,"2020-5"
6118,2020,12,31,15.342674,5,"2020-5"
6118.5,2020,12,31,14.723138,5,"2020-5"
6119,2021,1,1,14.091096,2,"2021-2"
6119.5,2021,1,1,13.454416,2,"2021-2"
6120,2021,1,2,12.823356,2,"2021-2"
6120.5,2021,1,2,12.211143,2,"2021-2"
6121,2021,1,3,11.63394,2,"2021-2"
6121.5,2021,1,3,11.110153,2,"2021-2"
6122,2021,1,4,10.65915,2,"2021-2"
6122.5,2021,1,4,10.299559,2,"2021-2"
6123,2021,1,5,10.047337,2,"2021-2"
6123.5,2021,1,5,9.9138914,2,"2021-2"
6124,2021,1,6,9.9044828,2,"2021-2"
6124.5,2021,1,6,10.01714,2,"2021-2"
6125,2021,1,7,10.242228,2,"2021-2"
6125.5,2021,1,7,10.562746,2,"2021-2"
6126,2021,1,8,10.955342,2,"2021-2"
6126.5,2021,1,8,11.391933,2,"2021-2"
6127,2021,1,9,11.841787,2,"2021-2"
6127.5,2021,1,9,12.273845,2,"2021-2"
6128,2021,1,10,12.659075,2,"2021-2"
6128.5,2021,1,10,12.972632,2,"2021-2"
6129,2021,1,11,13.195658,2,"2021-2"
6129.5,2021,1,11,13.316561,2,"2021-2"
6130,2021,1,12,13.331702,2,"2021-2"
6130.5,2021,1,12,13.245432,2,"2021-2"
6131,2021,1,13,13.069506,2,"2021-2"
6131.5,2021,1,13,12.821932,2,"2021-2"
6132,2021,1,14,12.525353,2,"2021-2"
6132.5,2021,1,14,12.205103,2,"2021-2"
6133,2021,1,15,11.887102,2,"2021-2"
6133.5,2021,1,15,11.595746,2,"2021-2"
6134,2021,1,16,11.351973,2,"2021-2"
6134.5,2021,1,16,11.17165,2,"2021-2"
6135,2021,1,17,11.064404,2,"2021-2"
6135.5,2021,1,17,11.032985,2,"2021-2"
6136,2021,1,18,11.07319,2,"2021-2"
6136.5,2021,1,18,11.174356,2,"2021-2"
6137,2021,1,19,11.320337,2,"2021-2"
6137.5,2021,1,19,11.490889,2,"2021-2"
6138,2021,1,20,11.663309,2,"2021-2"
6138.5,2021,1,20,11.814184,2,"2021-2"
6139,2021,1,21,11.921092,2,"2021-2"
6139.5,2021,1,21,11.964119,2,"2021-2"
6140,2021,1,22,11.92708,2,"2021-2"
6140.5,2021,1,22,11.798379,2,"2021-2"
6141,2021,1,23,11.571491,2,"2021-2"
6141.5,2021,1,23,11.245096,2,"2021-2"
6142,2021,1,24,10.822901,2,"2021-2"
6142.5,2021,1,24,10.313261,2,"2021-2"
6143,2021,1,25,9.7286309,2,"2021-2"
6143.5,2021,1,25,9.084951,2,"2021-2"
6144,2021,1,26,8.4009744,2,"2021-2"
6144.5,2021,1,26,7.6975682,2,"2021-2"
6145,2021,1,27,6.99698,2,"2021-2"
6145.5,2021,1,27,6.3220652,2,"2021-2"
6146,2021,1,28,5.6954722,2,"2021-2"
6146.5,2021,1,28,5.1388004,2,"2021-2"
6147,2021,1,29,4.6717578,2,"2021-2"
6147.5,2021,1,29,4.3113612,2,"2021-2"
6148,2021,1,30,4.0712214,2,"2021-2"
6148.5,2021,1,30,3.9609505,2,"2021-2"
6149,2021,1,31,3.985714,2,"2021-2"
6149.5,2021,1,31,4.1459389,2,"2021-2"
6150,2021,2,1,4.4371792,2,"2021-2"
6150.5,2021,2,1,4.8501456,2,"2021-2"
6151,2021,2,2,5.3709113,2,"2021-2"
6151.5,2021,2,2,5.9813245,2,"2021-2"
6152,2021,2,3,6.6596592,2,"2021-2"
6152.5,2021,2,3,7.3815367,2,"2021-2"
6153,2021,2,4,8.1211245,2,"2021-2"
6153.5,2021,2,4,8.8525782,2,"2021-2"
6154,2021,2,5,9.5516482,2,"2021-2"
6154.5,2021,2,5,10.19732,2,"2021-2"
6155,2021,2,6,10.77332,2,"2021-2"
6155.5,2021,2,6,11.269323,2,"2021-2"
6156,2021,2,7,11.681675,2,"2021-2"
6156.5,2021,2,7,12.013546,2,"2021-2"
6157,2021,2,8,12.274426,2,"2021-2"
6157.5,2021,2,8,12.479019,2,"2021-2"
6158,2021,2,9,12.645615,2,"2021-2"
6158.5,2021,2,9,12.794108,2,"2021-2"
6159,2021,2,10,12.94388,2,"2021-2"
6159.5,2021,2,10,13.111758,2,"2021-2"
6160,2021,2,11,13.310262,2,"2021-2"
6160.5,2021,2,11,13.546326,2,"2021-2"
6161,2021,2,12,13.820612,2,"2021-2"
6161.5,2021,2,12,14.127466,2,"2021-2"
6162,2021,2,13,14.455531,2,"2021-2"
6162.5,2021,2,13,14.788932,2,"2021-2"
6163,2021,2,14,15.108931,2,"2021-2"
6163.5,2021,2,14,15.395881,2,"2021-2"
6164,2021,2,15,15.631323,2,"2021-2"
6164.5,2021,2,15,15.800022,2,"2021-2"
6165,2021,2,16,15.891771,2,"2021-2"
6165.5,2021,2,16,15.902788,2,"2021-2"
6166,2021,2,17,15.836563,2,"2021-2"
6166.5,2021,2,17,15.704051,2,"2021-2"
6167,2021,2,18,15.523153,2,"2021-2"
6167.5,2021,2,18,15.31749,2,"2021-2"
6168,2021,2,19,15.114538,2,"2021-2"
6168.5,2021,2,19,14.943254,2,"2021-2"
6169,2021,2,20,14.831406,2,"2021-2"
6169.5,2021,2,20,14.802835,2,"2021-2"
6170,2021,2,21,14.874931,2,"2021-2"
6170.5,2021,2,21,15.056579,2,"2021-2"
6171,2021,2,22,15.346818,2,"2021-2"
6171.5,2021,2,22,15.734367,2,"2021-2"
6172,2021,2,23,16.198118,2,"2021-2"
6172.5,2021,2,23,16.708572,2,"2021-2"
6173,2021,2,24,17.23011,2,"2021-2"
6173.5,2021,2,24,17.723912,2,"2021-2"
6174,2021,2,25,18.151251,2,"2021-2"
6174.5,2021,2,25,18.476877,2,"2021-2"
6175,2021,2,26,18.672183,2,"2021-2"
6175.5,2021,2,26,18.717869,2,"2021-2"
6176,2021,2,27,18.605877,2,"2021-2"
6176.5,2021,2,27,18.340413,2,"2021-2"
6177,2021,2,28,17.937964,2,"2021-2"
6177.5,2021,2,28,17.426302,2,"2021-2"
6178,2021,3,1,16.842521,2,"2021-2"
6178.5,2021,3,1,16.230275,2,"2021-2"
6179,2021,3,2,15.636404,2,"2021-2"
6179.5,2021,3,2,15.107232,2,"2021-2"
6180,2021,3,3,14.684836,2,"2021-2"
6180.5,2021,3,3,14.403591,2,"2021-2"
6181,2021,3,4,14.287311,2,"2021-2"
6181.5,2021,3,4,14.347216,2,"2021-2"
6182,2021,3,5,14.580932,2,"2021-2"
6182.5,2021,3,5,14.972591,2,"2021-2"
6183,2021,3,6,15.494045,2,"2021-2"
6183.5,2021,3,6,16.107076,2,"2021-2"
6184,2021,3,7,16.766415,2,"2021-2"
6184.5,2021,3,7,17.423311,2,"2021-2"
6185,2021,3,8,18.029364,2,"2021-2"
6185.5,2021,3,8,18.540291,2,"2021-2"
6186,2021,3,9,18.91934,2,"2021-2"
6186.5,2021,3,9,19.140047,2,"2021-2"
6187,2021,3,10,19.188116,2,"2021-2"
6187.5,2021,3,10,19.062243,2,"2021-2"
6188,2021,3,11,18.773803,2,"2021-2"
6188.5,2021,3,11,18.345411,2,"2021-2"
6189,2021,3,12,17.808488,2,"2021-2"
6189.5,2021,3,12,17.200051,2,"2021-2"
6190,2021,3,13,16.559073,2,"2021-2"
6190.5,2021,3,13,15.922764,2,"2021-2"
6191,2021,3,14,15.323199,2,"2021-2"
6191.5,2021,3,14,14.784643,2,"2021-2"
6192,2021,3,15,14.321877,2,"2021-2"
6192.5,2021,3,15,13.939698,2,"2021-2"
6193,2021,3,16,13.633632,2,"2021-2"
6193.5,2021,3,16,13.391742,2,"2021-2"
6194,2021,3,17,13.197291,2,"2021-2"
6194.5,2021,3,17,13.031904,2,"2021-2"
6195,2021,3,18,12.87881,2,"2021-2"
6195.5,2021,3,18,12.72574,2,"2021-2"
6196,2021,3,19,12.567116,2,"2021-2"
6196.5,2021,3,19,12.405222,2,"2021-2"
6197,2021,3,20,12.250237,2,"2021-2"
6197.5,2021,3,20,12.119097,2,"2021-2"
6198,2021,3,21,12.033359,2,"2021-2"
6198.5,2021,3,21,12.01633,2,"2021-2"
6199,2021,3,22,12.089829,2,"2021-2"
6199.5,2021,3,22,12.270998,2,"2021-2"
6200,2021,3,23,12.569553,2,"2021-2"
6200.5,2021,3,23,12.985818,2,"2021-2"
6201,2021,3,24,13.509771,2,"2021-2"
6201.5,2021,3,24,14.121227,2,"2021-2"
6202,2021,3,25,14.791116,2,"2021-2"
6202.5,2021,3,25,15.483725,2,"2021-2"
6203,2021,3,26,16.159641,2,"2021-2"
6203.5,2021,3,26,16.77908,2,"2021-2"
6204,2021,3,27,17.305248,2,"2021-2"
6204.5,2021,3,27,17.707393,2,"2021-2"
6205,2021,3,28,17.963266,2,"2021-2"
6205.5,2021,3,28,18.060761,2,"2021-2"
6206,2021,3,29,17.998615,2,"2021-2"
6206.5,2021,3,29,17.786135,2,"2021-2"
6207,2021,3,30,17.442013,2,"2021-2"
6207.5,2021,3,30,16.992384,2,"2021-2"
6208,2021,3,31,16.468312,2,"2021-2"
6208.5,2021,3,31,15.902964,2,"2021-2"
6209,2021,4,1,15.328725,3,"2021-3"
6209.5,2021,4,1,14.774521,3,"2021-3"
6210,2021,4,2,14.263574,3,"2021-3"
6210.5,2021,4,2,13.811793,3,"2021-3"
6211,2021,4,3,13.426941,3,"2021-3"
6211.5,2021,4,3,13.108653,3,"2021-3"
6212,2021,4,4,12.849293,3,"2021-3"
6212.5,2021,4,4,12.635564,3,"2021-3"
6213,2021,4,5,12.450694,3,"2021-3"
6213.5,2021,4,5,12.276963,3,"2021-3"
6214,2021,4,6,12.098271,3,"2021-3"
6214.5,2021,4,6,11.902461,3,"2021-3"
6215,2021,4,7,11.683112,3,"2021-3"
6215.5,2021,4,7,11.440597,3,"2021-3"
6216,2021,4,8,11.182272,3,"2021-3"
6216.5,2021,4,8,10.92179,3,"2021-3"
6217,2021,4,9,10.677619,3,"2021-3"
6217.5,2021,4,9,10.470961,3,"2021-3"
6218,2021,4,10,10.323319,3,"2021-3"
6218.5,2021,4,10,10.254009,3,"2021-3"
6219,2021,4,11,10.277907,3,"2021-3"
6219.5,2021,4,11,10.403672,3,"2021-3"
6220,2021,4,12,10.63265,3,"2021-3"
6220.5,2021,4,12,10.958543,3,"2021-3"
6221,2021,4,13,11.367852,3,"2021-3"
6221.5,2021,4,13,11.841039,3,"2021-3"
6222,2021,4,14,12.354236,3,"2021-3"
6222.5,2021,4,14,12.881311,3,"2021-3"
6223,2021,4,15,13.396065,3,"2021-3"
6223.5,2021,4,15,13.874318,3,"2021-3"
6224,2021,4,16,14.295687,3,"2021-3"
6224.5,2021,4,16,14.644894,3,"2021-3"
6225,2021,4,17,14.912495,3,"2021-3"
6225.5,2021,4,17,15.095029,3,"2021-3"
6226,2021,4,18,15.194605,3,"2021-3"
6226.5,2021,4,18,15.218058,3,"2021-3"
6227,2021,4,19,15.175803,3,"2021-3"
6227.5,2021,4,19,15.080568,3,"2021-3"
6228,2021,4,20,14.946167,3,"2021-3"
6228.5,2021,4,20,14.786446,3,"2021-3"
6229,2021,4,21,14.6145,3,"2021-3"
6229.5,2021,4,21,14.442211,3,"2021-3"
6230,2021,4,22,14.280101,3,"2021-3"
6230.5,2021,4,22,14.137429,3,"2021-3"
6231,2021,4,23,14.022463,3,"2021-3"
6231.5,2021,4,23,13.942793,3,"2021-3"
6232,2021,4,24,13.905581,3,"2021-3"
6232.5,2021,4,24,13.917637,3,"2021-3"
6233,2021,4,25,13.985259,3,"2021-3"
6233.5,2021,4,25,14.11382,3,"2021-3"
6234,2021,4,26,14.307121,3,"2021-3"
6234.5,2021,4,26,14.566604,3,"2021-3"
6235,2021,4,27,14.890526,3,"2021-3"
6235.5,2021,4,27,15.273251,3,"2021-3"
6236,2021,4,28,15.704789,3,"2021-3"
6236.5,2021,4,28,16.170707,3,"2021-3"
6237,2021,4,29,16.65248,3,"2021-3"
6237.5,2021,4,29,17.128329,3,"2021-3"
6238,2021,4,30,17.574498,3,"2021-3"
6238.5,2021,4,30,17.966904,3,"2021-3"
6239,2021,5,1,18.283009,3,"2021-3"
6239.5,2021,5,1,18.503761,3,"2021-3"
6240,2021,5,2,18.61541,3,"2021-3"
6240.5,2021,5,2,18.611008,3,"2021-3"
6241,2021,5,3,18.49142,3,"2021-3"
6241.5,2021,5,3,18.265694,3,"2021-3"
6242,2021,5,4,17.9507,3,"2021-3"
6242.5,2021,5,4,17.570006,3,"2021-3"
6243,2021,5,5,17.152024,3,"2021-3"
6243.5,2021,5,5,16.727567,3,"2021-3"
6244,2021,5,6,16.327014,3,"2021-3"
6244.5,2021,5,6,15.977371,3,"2021-3"
6245,2021,5,7,15.699534,3,"2021-3"
6245.5,2021,5,7,15.506084,3,"2021-3"
6246,2021,5,8,15.399901,3,"2021-3"
6246.5,2021,5,8,15.373806,3,"2021-3"
6247,2021,5,9,15.411312,3,"2021-3"
6247.5,2021,5,9,15.488444,3,"2021-3"
6248,2021,5,10,15.57646,3,"2021-3"
6248.5,2021,5,10,15.645144,3,"2021-3"
6249,2021,5,11,15.666323,3,"2021-3"
6249.5,2021,5,11,15.617165,3,"2021-3"
6250,2021,5,12,15.482895,3,"2021-3"
6250.5,2021,5,12,15.258583,3,"2021-3"
6251,2021,5,13,14.949826,3,"2021-3"
6251.5,2021,5,13,14.572243,3,"2021-3"
6252,2021,5,14,14.149876,3,"2021-3"
6252.5,2021,5,14,13.712697,3,"2021-3"
6253,2021,5,15,13.293534,3,"2021-3"
6253.5,2021,5,15,12.924775,3,"2021-3"
6254,2021,5,16,12.635228,3,"2021-3"
6254.5,2021,5,16,12.447459,3,"2021-3"
6255,2021,5,17,12.375869,3,"2021-3"
6255.5,2021,5,17,12.42567,3,"2021-3"
6256,2021,5,18,12.592793,3,"2021-3"
6256.5,2021,5,18,12.864683,3,"2021-3"
6257,2021,5,19,13.221826,3,"2021-3"
6257.5,2021,5,19,13.639792,3,"2021-3"
6258,2021,5,20,14.091572,3,"2021-3"
6258.5,2021,5,20,14.549944,3,"2021-3"
6259,2021,5,21,14.98968,3,"2021-3"
6259.5,2021,5,21,15.389385,3,"2021-3"
6260,2021,5,22,15.73288,3,"2021-3"
6260.5,2021,5,22,16.010036,3,"2021-3"
6261,2021,5,23,16.217053,3,"2021-3"
6261.5,2021,5,23,16.356222,3,"2021-3"
6262,2021,5,24,16.435226,3,"2021-3"
6262.5,2021,5,24,16.466088,3,"2021-3"
6263,2021,5,25,16.463883,3,"2021-3"
6263.5,2021,5,25,16.44533,3,"2021-3"
6264,2021,5,26,16.427401,3,"2021-3"
6264.5,2021,5,26,16.426044,3,"2021-3"
6265,2021,5,27,16.455122,3,"2021-3"
6265.5,2021,5,27,16.525608,3,"2021-3"
6266,2021,5,28,16.64509,3,"2021-3"
6266.5,2021,5,28,16.817564,3,"2021-3"
6267,2021,5,29,17.043498,3,"2021-3"
6267.5,2021,5,29,17.320116,3,"2021-3"
6268,2021,5,30,17.641858,3,"2021-3"
6268.5,2021,5,30,18.000946,3,"2021-3"
6269,2021,5,31,18.388017,3,"2021-3"
6269.5,2021,5,31,18.792777,3,"2021-3"
6270,2021,6,1,19.204648,3,"2021-3"
6270.5,2021,6,1,19.613379,3,"2021-3"
6271,2021,6,2,20.009611,3,"2021-3"
6271.5,2021,6,2,20.385368,3,"2021-3"
6272,2021,6,3,20.734459,3,"2021-3"
6272.5,2021,6,3,21.052759,3,"2021-3"
6273,2021,6,4,21.338343,3,"2021-3"
6273.5,2021,6,4,21.591454,3,"2021-3"
6274,2021,6,5,21.814296,3,"2021-3"
6274.5,2021,6,5,22.010664,3,"2021-3"
6275,2021,6,6,22.185437,3,"2021-3"
6275.5,2021,6,6,22.343989,3,"2021-3"
6276,2021,6,7,22.491571,3,"2021-3"
6276.5,2021,6,7,22.632735,3,"2021-3"
6277,2021,6,8,22.770847,3,"2021-3"
6277.5,2021,6,8,22.907754,3,"2021-3"
6278,2021,6,9,23.043612,3,"2021-3"
6278.5,2021,6,9,23.176902,3,"2021-3"
6279,2021,6,10,23.304619,3,"2021-3"
6279.5,2021,6,10,23.422606,3,"2021-3"
6280,2021,6,11,23.526002,3,"2021-3"
6280.5,2021,6,11,23.60975,3,"2021-3"
6281,2021,6,12,23.66912,3,"2021-3"
6281.5,2021,6,12,23.700197,3,"2021-3"
6282,2021,6,13,23.700307,3,"2021-3"
6282.5,2021,6,13,23.668317,3,"2021-3"
6283,2021,6,14,23.604811,3,"2021-3"
6283.5,2021,6,14,23.512114,3,"2021-3"
6284,2021,6,15,23.394156,3,"2021-3"
6284.5,2021,6,15,23.256184,3,"2021-3"
6285,2021,6,16,23.104336,3,"2021-3"
6285.5,2021,6,16,22.945108,3,"2021-3"
6286,2021,6,17,22.784761,3,"2021-3"
6286.5,2021,6,17,22.628708,3,"2021-3"
6287,2021,6,18,22.480966,3,"2021-3"
6287.5,2021,6,18,22.343721,3,"2021-3"
6288,2021,6,19,22.217076,3,"2021-3"
6288.5,2021,6,19,22.099016,3,"2021-3"
6289,2021,6,20,21.98561,3,"2021-3"
6289.5,2021,6,20,21.871438,3,"2021-3"
6290,2021,6,21,21.750191,3,"2021-3"
6290.5,2021,6,21,21.615382,3,"2021-3"
6291,2021,6,22,21.46107,3,"2021-3"
6291.5,2021,6,22,21.282516,3,"2021-3"
6292,2021,6,23,21.076684,3,"2021-3"
6292.5,2021,6,23,20.842542,3,"2021-3"
6293,2021,6,24,20.581111,3,"2021-3"
6293.5,2021,6,24,20.295306,3,"2021-3"
6294,2021,6,25,19.989561,3,"2021-3"
6294.5,2021,6,25,19.669344,3,"2021-3"
6295,2021,6,26,19.340607,3,"2021-3"
6295.5,2021,6,26,19.009271,3,"2021-3"
6296,2021,6,27,18.680817,3,"2021-3"
6296.5,2021,6,27,18.360036,3,"2021-3"
6297,2021,6,28,18.050957,3,"2021-3"
6297.5,2021,6,28,17.756975,3,"2021-3"
6298,2021,6,29,17.481114,3,"2021-3"
6298.5,2021,6,29,17.226382,3,"2021-3"
6299,2021,6,30,16.996131,3,"2021-3"
6299.5,2021,6,30,16.794355,3,"2021-3"
6300,2021,7,1,16.625827,3,"2021-3"
6300.5,2021,7,1,16.496043,3,"2021-3"
6301,2021,7,2,16.410945,3,"2021-3"
6301.5,2021,7,2,16.376414,3,"2021-3"
6302,2021,7,3,16.397596,3,"2021-3"
6302.5,2021,7,3,16.478113,3,"2021-3"
6303,2021,7,4,16.619261,3,"2021-3"
6303.5,2021,7,4,16.819283,3,"2021-3"
6304,2021,7,5,17.072833,3,"2021-3"
6304.5,2021,7,5,17.370708,3,"2021-3"
6305,2021,7,6,17.699912,3,"2021-3"
6305.5,2021,7,6,18.044095,3,"2021-3"
6306,2021,7,7,18.384351,3,"2021-3"
6306.5,2021,7,7,18.700333,3,"2021-3"
6307,2021,7,8,18.971616,3,"2021-3"
6307.5,2021,7,8,19.179178,3,"2021-3"
6308,2021,7,9,19.306889,3,"2021-3"
6308.5,2021,7,9,19.34287,3,"2021-3"
6309,2021,7,10,19.280582,3,"2021-3"
6309.5,2021,7,10,19.11956,3,"2021-3"
6310,2021,7,11,18.865695,3,"2021-3"
6310.5,2021,7,11,18.531049,3,"2021-3"
6311,2021,7,12,18.133197,3,"2021-3"
6311.5,2021,7,12,17.69414,3,"2021-3"
6312,2021,7,13,17.238884,3,"2021-3"
6312.5,2021,7,13,16.793779,3,"2021-3"
6313,2021,7,14,16.384758,3,"2021-3"
6313.5,2021,7,14,16.035606,3,"2021-3"
6314,2021,7,15,15.766383,3,"2021-3"
6314.5,2021,7,15,15.592127,3,"2021-3"
6315,2021,7,16,15.521921,3,"2021-3"
6315.5,2021,7,16,15.558386,3,"2021-3"
6316,2021,7,17,15.697621,3,"2021-3"
6316.5,2021,7,17,15.929582,3,"2021-3"
6317,2021,7,18,16.238861,3,"2021-3"
6317.5,2021,7,18,16.605766,3,"2021-3"
6318,2021,7,19,17.007648,3,"2021-3"
6318.5,2021,7,19,17.420336,3,"2021-3"
6319,2021,7,20,17.819615,3,"2021-3"
6319.5,2021,7,20,18.182632,3,"2021-3"
6320,2021,7,21,18.489171,3,"2021-3"
6320.5,2021,7,21,18.722746,3,"2021-3"
6321,2021,7,22,18.87145,3,"2021-3"
6321.5,2021,7,22,18.928561,3,"2021-3"
6322,2021,7,23,18.892879,3,"2021-3"
6322.5,2021,7,23,18.76877,3,"2021-3"
6323,2021,7,24,18.565944,3,"2021-3"
6323.5,2021,7,24,18.298921,3,"2021-3"
6324,2021,7,25,17.986234,3,"2021-3"
6324.5,2021,7,25,17.649348,3,"2021-3"
6325,2021,7,26,17.311364,3,"2021-3"
6325.5,2021,7,26,16.995548,3,"2021-3"
6326,2021,7,27,16.723796,3,"2021-3"
6326.5,2021,7,27,16.515131,3,"2021-3"
6327,2021,7,28,16.384369,3,"2021-3"
6327.5,2021,7,28,16.341068,3,"2021-3"
6328,2021,7,29,16.388878,3,"2021-3"
6328.5,2021,7,29,16.525346,3,"2021-3"
6329,2021,7,30,16.742207,3,"2021-3"
6329.5,2021,7,30,17.026128,3,"2021-3"
6330,2021,7,31,17.359831,3,"2021-3"
6330.5,2021,7,31,17.723455,3,"2021-3"
6331,2021,8,1,18.096037,4,"2021-4"
6331.5,2021,8,1,18.456938,4,"2021-4"
6332,2021,8,2,18.787111,4,"2021-4"
6332.5,2021,8,2,19.070082,4,"2021-4"
6333,2021,8,3,19.292624,4,"2021-4"
6333.5,2021,8,3,19.44508,4,"2021-4"
6334,2021,8,4,19.521405,4,"2021-4"
6334.5,2021,8,4,19.518957,4,"2021-4"
6335,2021,8,5,19.438147,4,"2021-4"
6335.5,2021,8,5,19.282004,4,"2021-4"
6336,2021,8,6,19.055745,4,"2021-4"
6336.5,2021,8,6,18.766401,4,"2021-4"
6337,2021,8,7,18.422515,4,"2021-4"
6337.5,2021,8,7,18.033932,4,"2021-4"
6338,2021,8,8,17.611649,4,"2021-4"
6338.5,2021,8,8,17.167698,4,"2021-4"
6339,2021,8,9,16.715012,4,"2021-4"
6339.5,2021,8,9,16.267237,4,"2021-4"
6340,2021,8,10,15.838445,4,"2021-4"
6340.5,2021,8,10,15.442731,4,"2021-4"
6341,2021,8,11,15.093692,4,"2021-4"
6341.5,2021,8,11,14.803806,4,"2021-4"
6342,2021,8,12,14.583752,4,"2021-4"
6342.5,2021,8,12,14.441715,4,"2021-4"
6343,2021,8,13,14.382758,4,"2021-4"
6343.5,2021,8,13,14.408315,4,"2021-4"
6344,2021,8,14,14.515885,4,"2021-4"
6344.5,2021,8,14,14.698953,4,"2021-4"
6345,2021,8,15,14.947204,4,"2021-4"
6345.5,2021,8,15,15.247003,4,"2021-4"
6346,2021,8,16,15.582131,4,"2021-4"
6346.5,2021,8,16,15.934734,4,"2021-4"
6347,2021,8,17,16.286391,4,"2021-4"
6347.5,2021,8,17,16.61922,4,"2021-4"
6348,2021,8,18,16.916927,4,"2021-4"
6348.5,2021,8,18,17.165695,4,"2021-4"
6349,2021,8,19,17.35485,4,"2021-4"
6349.5,2021,8,19,17.477259,4,"2021-4"
6350,2021,8,20,17.529436,4,"2021-4"
6350.5,2021,8,20,17.511397,4,"2021-4"
6351,2021,8,21,17.426295,4,"2021-4"
6351.5,2021,8,21,17.279905,4,"2021-4"
6352,2021,8,22,17.080036,4,"2021-4"
6352.5,2021,8,22,16.835933,4,"2021-4"
6353,2021,8,23,16.557726,4,"2021-4"
6353.5,2021,8,23,16.255954,4,"2021-4"
6354,2021,8,24,15.941195,4,"2021-4"
6354.5,2021,8,24,15.623785,4,"2021-4"
6355,2021,8,25,15.313614,4,"2021-4"
6355.5,2021,8,25,15.019982,4,"2021-4"
6356,2021,8,26,14.751479,4,"2021-4"
6356.5,2021,8,26,14.51589,4,"2021-4"
6357,2021,8,27,14.320086,4,"2021-4"
6357.5,2021,8,27,14.169922,4,"2021-4"
6358,2021,8,28,14.070118,4,"2021-4"
6358.5,2021,8,28,14.024141,4,"2021-4"
6359,2021,8,29,14.034081,4,"2021-4"
6359.5,2021,8,29,14.100546,4,"2021-4"
6360,2021,8,30,14.22256,4,"2021-4"
6360.5,2021,8,30,14.397505,4,"2021-4"
6361,2021,8,31,14.621095,4,"2021-4"
6361.5,2021,8,31,14.887409,4,"2021-4"
6362,2021,9,1,15.188989,4,"2021-4"
6362.5,2021,9,1,15.517007,4,"2021-4"
6363,2021,9,2,15.861515,4,"2021-4"
6363.5,2021,9,2,16.211763,4,"2021-4"
6364,2021,9,3,16.556587,4,"2021-4"
6364.5,2021,9,3,16.884858,4,"2021-4"
6365,2021,9,4,17.18598,4,"2021-4"
6365.5,2021,9,4,17.450419,4,"2021-4"
6366,2021,9,5,17.670256,4,"2021-4"
6366.5,2021,9,5,17.839724,4,"2021-4"
6367,2021,9,6,17.955709,4,"2021-4"
6367.5,2021,9,6,18.018141,4,"2021-4"
6368,2021,9,7,18.030238,4,"2021-4"
6368.5,2021,9,7,17.998527,4,"2021-4"
6369,2021,9,8,17.932599,4,"2021-4"
6369.5,2021,9,8,17.844568,4,"2021-4"
6370,2021,9,9,17.748238,4,"2021-4"
6370.5,2021,9,9,17.658042,4,"2021-4"
6371,2021,9,10,17.587832,4,"2021-4"
6371.5,2021,9,10,17.549657,4,"2021-4"
6372,2021,9,11,17.552652,4,"2021-4"
6372.5,2021,9,11,17.60217,4,"2021-4"
6373,2021,9,12,17.699273,4,"2021-4"
6373.5,2021,9,12,17.840616,4,"2021-4"
6374,2021,9,13,18.018765,4,"2021-4"
6374.5,2021,9,13,18.222861,4,"2021-4"
6375,2021,9,14,18.439589,4,"2021-4"
6375.5,2021,9,14,18.654274,4,"2021-4"
6376,2021,9,15,18.852026,4,"2021-4"
6376.5,2021,9,15,19.01877,4,"2021-4"
6377,2021,9,16,19.142092,4,"2021-4"
6377.5,2021,9,16,19.211849,4,"2021-4"
6378,2021,9,17,19.220521,4,"2021-4"
6378.5,2021,9,17,19.163352,4,"2021-4"
6379,2021,9,18,19.038325,4,"2021-4"
6379.5,2021,9,18,18.846043,4,"2021-4"
6380,2021,9,19,18.589585,4,"2021-4"
6380.5,2021,9,19,18.274382,4,"2021-4"
6381,2021,9,20,17.908137,4,"2021-4"
6381.5,2021,9,20,17.500783,4,"2021-4"
6382,2021,9,21,17.064436,4,"2021-4"
6382.5,2021,9,21,16.613295,4,"2021-4"
6383,2021,9,22,16.163414,4,"2021-4"
6383.5,2021,9,22,15.732302,4,"2021-4"
6384,2021,9,23,15.338292,4,"2021-4"
6384.5,2021,9,23,14.999703,4,"2021-4"
6385,2021,9,24,14.733807,4,"2021-4"
6385.5,2021,9,24,14.555675,4,"2021-4"
6386,2021,9,25,14.477033,4,"2021-4"
6386.5,2021,9,25,14.505208,4,"2021-4"
6387,2021,9,26,14.642339,4,"2021-4"
6387.5,2021,9,26,14.88493,4,"2021-4"
6388,2021,9,27,15.223841,4,"2021-4"
6388.5,2021,9,27,15.644752,4,"2021-4"
6389,2021,9,28,16.129076,4,"2021-4"
6389.5,2021,9,28,16.655245,4,"2021-4"
6390,2021,9,29,17.200258,4,"2021-4"
6390.5,2021,9,29,17.741327,4,"2021-4"
6391,2021,9,30,18.257475,4,"2021-4"
6391.5,2021,9,30,18.730911,4,"2021-4"
6392,2021,10,1,19.14808,4,"2021-4"
6392.5,2021,10,1,19.500278,4,"2021-4"
6393,2021,10,2,19.783815,4,"2021-4"
6393.5,2021,10,2,19.999721,4,"2021-4"
6394,2021,10,3,20.153051,4,"2021-4"
6394.5,2021,10,3,20.251867,4,"2021-4"
6395,2021,10,4,20.306011,4,"2021-4"
6395.5,2021,10,4,20.325771,4,"2021-4"
6396,2021,10,5,20.32057,4,"2021-4"
6396.5,2021,10,5,20.297778,4,"2021-4"
6397,2021,10,6,20.261754,4,"2021-4"
6397.5,2021,10,6,20.213189,4,"2021-4"
6398,2021,10,7,20.148818,4,"2021-4"
6398.5,2021,10,7,20.061525,4,"2021-4"
6399,2021,10,8,19.940856,4,"2021-4"
6399.5,2021,10,8,19.773922,4,"2021-4"
6400,2021,10,9,19.546637,4,"2021-4"
6400.5,2021,10,9,19.245232,4,"2021-4"
6401,2021,10,10,18.857942,4,"2021-4"
6401.5,2021,10,10,18.376729,4,"2021-4"
6402,2021,10,11,17.798923,4,"2021-4"
6402.5,2021,10,11,17.128599,4,"2021-4"
6403,2021,10,12,16.377553,4,"2021-4"
6403.5,2021,10,12,15.56572,4,"2021-4"
6404,2021,10,13,14.720948,4,"2021-4"
6404.5,2021,10,13,13.878046,4,"2021-4"
6405,2021,10,14,13.077131,4,"2021-4"
6405.5,2021,10,14,12.361338,4,"2021-4"
6406,2021,10,15,11.774044,4,"2021-4"
6406.5,2021,10,15,11.355788,4,"2021-4"
6407,2021,10,16,11.141156,4,"2021-4"
6407.5,2021,10,16,11.155867,4,"2021-4"
6408,2021,10,17,11.414327,4,"2021-4"
6408.5,2021,10,17,11.917879,4,"2021-4"
6409,2021,10,18,12.653913,4,"2021-4"
6409.5,2021,10,18,13.59596,4,"2021-4"
6410,2021,10,19,14.704766,4,"2021-4"
6410.5,2021,10,19,15.930328,4,"2021-4"
6411,2021,10,20,17.214725,4,"2021-4"
6411.5,2021,10,20,18.495576,4,"2021-4"
6412,2021,10,21,19.709854,4,"2021-4"
6412.5,2021,10,21,20.797793,4,"2021-4"
6413,2021,10,22,21.706611,4,"2021-4"
6413.5,2021,10,22,22.393775,4,"2021-4"
6414,2021,10,23,22.829587,4,"2021-4"
6414.5,2021,10,23,22.998927,4,"2021-4"
6415,2021,10,24,22.902029,4,"2021-4"
6415.5,2021,10,24,22.55426,4,"2021-4"
6416,2021,10,25,21.984922,4,"2021-4"
6416.5,2021,10,25,21.235166,4,"2021-4"
6417,2021,10,26,20.355167,4,"2021-4"
6417.5,2021,10,26,19.40074,4,"2021-4"
6418,2021,10,27,18.429627,4,"2021-4"
6418.5,2021,10,27,17.497703,4,"2021-4"
6419,2021,10,28,16.655345,4,"2021-4"
6419.5,2021,10,28,15.944204,4,"2021-4"
6420,2021,10,29,15.394607,4,"2021-4"
6420.5,2021,10,29,15.023757,4,"2021-4"
6421,2021,10,30,14.83485,4,"2021-4"
6421.5,2021,10,30,14.817176,4,"2021-4"
6422,2021,10,31,14.9472,4,"2021-4"
6422.5,2021,10,31,15.190539,4,"2021-4"
6423,2021,11,1,15.504713,4,"2021-4"
6423.5,2021,11,1,15.842468,4,"2021-4"
6424,2021,11,2,16.155446,4,"2021-4"
6424.5,2021,11,2,16.397938,4,"2021-4"
6425,2021,11,3,16.530443,4,"2021-4"
6425.5,2021,11,3,16.522767,4,"2021-4"
6426,2021,11,4,16.356427,4,"2021-4"
6426.5,2021,11,4,16.02616,4,"2021-4"
6427,2021,11,5,15.540431,4,"2021-4"
6427.5,2021,11,5,14.920867,4,"2021-4"
6428,2021,11,6,14.200699,4,"2021-4"
6428.5,2021,11,6,13.422304,4,"2021-4"
6429,2021,11,7,12.634092,4,"2021-4"
6429.5,2021,11,7,11.886977,4,"2021-4"
6430,2021,11,8,11.230742,4,"2021-4"
6430.5,2021,11,8,10.710617,4,"2021-4"
6431,2021,11,9,10.364305,4,"2021-4"
6431.5,2021,11,9,10.219715,4,"2021-4"
6432,2021,11,10,10.293498,4,"2021-4"
6432.5,2021,11,10,10.590461,4,"2021-4"
6433,2021,11,11,11.103788,4,"2021-4"
6433.5,2021,11,11,11.815976,4,"2021-4"
6434,2021,11,12,12.70029,4,"2021-4"
6434.5,2021,11,12,13.722552,4,"2021-4"
6435,2021,11,13,14.843072,4,"2021-4"
6435.5,2021,11,13,16.018562,4,"2021-4"
6436,2021,11,14,17.203934,4,"2021-4"
6436.5,2021,11,14,18.353926,4,"2021-4"
6437,2021,11,15,19.424587,4,"2021-4"
6437.5,2021,11,15,20.374655,4,"2021-4"
6438,2021,11,16,21.166918,4,"2021-4"
6438.5,2021,11,16,21.769601,4,"2021-4"
6439,2021,11,17,22.157805,4,"2021-4"
6439.5,2021,11,17,22.314961,4,"2021-4"
6440,2021,11,18,22.234192,4,"2021-4"
6440.5,2021,11,18,21.919435,4,"2021-4"
6441,2021,11,19,21.386127,4,"2021-4"
6441.5,2021,11,19,20.661277,4,"2021-4"
6442,2021,11,20,19.78277,4,"2021-4"
6442.5,2021,11,20,18.797824,4,"2021-4"
6443,2021,11,21,17.760611,4,"2021-4"
6443.5,2021,11,21,16.729164,4,"2021-4"
6444,2021,11,22,15.76177,4,"2021-4"
6444.5,2021,11,22,14.913135,4,"2021-4"
6445,2021,11,23,14.230655,4,"2021-4"
6445.5,2021,11,23,13.751126,4,"2021-4"
6446,2021,11,24,13.4982,4,"2021-4"
6446.5,2021,11,24,13.480839,4,"2021-4"
6447,2021,11,25,13.692912,4,"2021-4"
6447.5,2021,11,25,14.113991,4,"2021-4"
6448,2021,11,26,14.711248,4,"2021-4"
6448.5,2021,11,26,15.442295,4,"2021-4"
6449,2021,11,27,16.258678,4,"2021-4"
6449.5,2021,11,27,17.109697,4,"2021-4"
6450,2021,11,28,17.946212,4,"2021-4"
6450.5,2021,11,28,18.724092,4,"2021-4"
6451,2021,11,29,19.407025,4,"2021-4"
6451.5,2021,11,29,19.9685,4,"2021-4"
6452,2021,11,30,20.392836,4,"2021-4"
6452.5,2021,11,30,20.675256,4,"2021-4"
6453,2021,12,1,20.821084,5,"2021-5"
6453.5,2021,12,1,20.844222,5,"2021-5"
6454,2021,12,2,20.765105,5,"2021-5"
6454.5,2021,12,2,20.608367,5,"2021-5"
6455,2021,12,3,20.400464,5,"2021-5"
6455.5,2021,12,3,20.167444,5,"2021-5"
6456,2021,12,4,19.933062,5,"2021-5"
6456.5,2021,12,4,19.717333,5,"2021-5"
6457,2021,12,5,19.535612,5,"2021-5"
6457.5,2021,12,5,19.398171,5,"2021-5"
6458,2021,12,6,19.310249,5,"2021-5"
6458.5,2021,12,6,19.272474,5,"2021-5"
6459,2021,12,7,19.281541,5,"2021-5"
6459.5,2021,12,7,19.331042,5,"2021-5"
6460,2021,12,8,19.412341,5,"2021-5"
6460.5,2021,12,8,19.515387,5,"2021-5"
6461,2021,12,9,19.629443,5,"2021-5"
6461.5,2021,12,9,19.743658,5,"2021-5"
6462,2021,12,10,19.847499,5,"2021-5"
6462.5,2021,12,10,19.931052,5,"2021-5"
6463,2021,12,11,19.98522,5,"2021-5"
6463.5,2021,12,11,20.001854,5,"2021-5"
6464,2021,12,12,19.973865,5,"2021-5"
6464.5,2021,12,12,19.895355,5,"2021-5"
6465,2021,12,13,19.761781,5,"2021-5"
6465.5,2021,12,13,19.570177,5,"2021-5"
6466,2021,12,14,19.319414,5,"2021-5"
6466.5,2021,12,14,19.010474,5,"2021-5"
6467,2021,12,15,18.646699,5,"2021-5"
6467.5,2021,12,15,18.233954,5,"2021-5"
6468,2021,12,16,17.78065,5,"2021-5"
6468.5,2021,12,16,17.297567,5,"2021-5"
6469,2021,12,17,16.79745,5,"2021-5"
6469.5,2021,12,17,16.294355,5,"2021-5"
6470,2021,12,18,15.802777,5,"2021-5"
6470.5,2021,12,18,15.336609,5,"2021-5"
6471,2021,12,19,14.908016,5,"2021-5"
6471.5,2021,12,19,14.52634,5,"2021-5"
6472,2021,12,20,14.197142,5,"2021-5"
6472.5,2021,12,20,13.921503,5,"2021-5"
6473,2021,12,21,13.695679,5,"2021-5"
6473.5,2021,12,21,13.511189,5,"2021-5"
6474,2021,12,22,13.355357,5,"2021-5"
6474.5,2021,12,22,13.212301,5,"2021-5"
6475,2021,12,23,13.064311,5,"2021-5"
6475.5,2021,12,23,12.893497,5,"2021-5"
6476,2021,12,24,12.683565,5,"2021-5"
6476.5,2021,12,24,12.421554,5,"2021-5"
6477,2021,12,25,12.099349,5,"2021-5"
6477.5,2021,12,25,11.714805,5,"2021-5"
6478,2021,12,26,11.272364,5,"2021-5"
6478.5,2021,12,26,10.78306,5,"2021-5"
6479,2021,12,27,10.263917,5,"2021-5"
6479.5,2021,12,27,9.7367624,5,"2021-5"
6480,2021,12,28,9.2265832,5,"2021-5"
6480.5,2021,12,28,8.7595626,5,"2021-5"
6481,2021,12,29,8.3609982,5,"2021-5"
6481.5,2021,12,29,8.053288,5,"2021-5"
6482,2021,12,30,7.8541711,5,"2021-5"
6482.5,2021,12,30,7.7753715,5,"2021-5"
6483,2021,12,31,7.8217535,5,"2021-5"
6483.5,2021,12,31,7.9910383,5,"2021-5"
6484,2022,1,1,8.2740775,2,"2022-2"
6484.5,2022,1,1,8.6556244,2,"2022-2"
6485,2022,1,2,9.1154998,2,"2022-2"
6485.5,2022,1,2,9.6300179,2,"2022-2"
6486,2022,1,3,10.173527,2,"2022-2"
6486.5,2022,1,3,10.719923,2,"2022-2"
6487,2022,1,4,11.244018,2,"2022-2"
6487.5,2022,1,4,11.72268,2,"2022-2"
6488,2022,1,5,12.135704,2,"2022-2"
6488.5,2022,1,5,12.466412,2,"2022-2"
6489,2022,1,6,12.702006,2,"2022-2"
6489.5,2022,1,6,12.833748,2,"2022-2"
6490,2022,1,7,12.856995,2,"2022-2"
6490.5,2022,1,7,12.771168,2,"2022-2"
6491,2022,1,8,12.579658,2,"2022-2"
6491.5,2022,1,8,12.289708,2,"2022-2"
6492,2022,1,9,11.912222,2,"2022-2"
6492.5,2022,1,9,11.461499,2,"2022-2"
6493,2022,1,10,10.954829,2,"2022-2"
6493.5,2022,1,10,10.411939,2,"2022-2"
6494,2022,1,11,9.8542674,2,"2022-2"
6494.5,2022,1,11,9.3040623,2,"2022-2"
6495,2022,1,12,8.7833656,2,"2022-2"
6495.5,2022,1,12,8.3129238,2,"2022-2"
6496,2022,1,13,7.9111183,2,"2022-2"
6496.5,2022,1,13,7.5930015,2,"2022-2"
6497,2022,1,14,7.3695267,2,"2022-2"
6497.5,2022,1,14,7.2470449,2,"2022-2"
6498,2022,1,15,7.2271153,2,"2022-2"
6498.5,2022,1,15,7.3066462,2,"2022-2"
6499,2022,1,16,7.4783457,2,"2022-2"
6499.5,2022,1,16,7.7314305,2,"2022-2"
6500,2022,1,17,8.0525129,2,"2022-2"
6500.5,2022,1,17,8.4265743,2,"2022-2"
6501,2022,1,18,8.8379278,2,"2022-2"
6501.5,2022,1,18,9.2710855,2,"2022-2"
6502,2022,1,19,9.7114611,2,"2022-2"
6502.5,2022,1,19,10.145865,2,"2022-2"
6503,2022,1,20,10.562768,2,"2022-2"
6503.5,2022,1,20,10.952348,2,"2022-2"
6504,2022,1,21,11.306333,2,"2022-2"
6504.5,2022,1,21,11.617712,2,"2022-2"
6505,2022,1,22,11.880378,2,"2022-2"
6505.5,2022,1,22,12.0888,2,"2022-2"
6506,2022,1,23,12.237817,2,"2022-2"
6506.5,2022,1,23,12.322638,2,"2022-2"
6507,2022,1,24,12.339109,2,"2022-2"
6507.5,2022,1,24,12.284229,2,"2022-2"
6508,2022,1,25,12.156896,2,"2022-2"
6508.5,2022,1,25,11.958739,2,"2022-2"
6509,2022,1,26,11.694906,2,"2022-2"
6509.5,2022,1,26,11.374635,2,"2022-2"
6510,2022,1,27,11.011443,2,"2022-2"
6510.5,2022,1,27,10.622832,2,"2022-2"
6511,2022,1,28,10.229461,2,"2022-2"
6511.5,2022,1,28,9.8538329,2,"2022-2"
6512,2022,1,29,9.5185905,2,"2022-2"
6512.5,2022,1,29,9.244628,2,"2022-2"
6513,2022,1,30,9.0492167,2,"2022-2"
6513.5,2022,1,30,8.9443806,2,"2022-2"
6514,2022,1,31,8.9357185,2,"2022-2"
6514.5,2022,1,31,9.0218236,2,"2022-2"
6515,2022,2,1,9.1943773,2,"2022-2"
6515.5,2022,2,1,9.4389177,2,"2022-2"
6516,2022,2,2,9.7362054,2,"2022-2"
6516.5,2022,2,2,10.064044,2,"2022-2"
6517,2022,2,3,10.399368,2,"2022-2"
6517.5,2022,2,3,10.72037,2,"2022-2"
6518,2022,2,4,11.008471,2,"2022-2"
6518.5,2022,2,4,11.249907,2,"2022-2"
6519,2022,2,5,11.436807,2,"2022-2"
6519.5,2022,2,5,11.567658,2,"2022-2"
6520,2022,2,6,11.647131,2,"2022-2"
6520.5,2022,2,6,11.685344,2,"2022-2"
6521,2022,2,7,11.696637,2,"2022-2"
6521.5,2022,2,7,11.698053,2,"2022-2"
6522,2022,2,8,11.707665,2,"2022-2"
6522.5,2022,2,8,11.742961,2,"2022-2"
6523,2022,2,9,11.819402,2,"2022-2"
6523.5,2022,2,9,11.949307,2,"2022-2"
6524,2022,2,10,12.141108,2,"2022-2"
6524.5,2022,2,10,12.399015,2,"2022-2"
6525,2022,2,11,12.723062,2,"2022-2"
6525.5,2022,2,11,13.109487,2,"2022-2"
6526,2022,2,12,13.551351,2,"2022-2"
6526.5,2022,2,12,14.039324,2,"2022-2"
6527,2022,2,13,14.56253,2,"2022-2"
6527.5,2022,2,13,15.109383,2,"2022-2"
6528,2022,2,14,15.66835,2,"2022-2"
6528.5,2022,2,14,16.228595,2,"2022-2"
6529,2022,2,15,16.780489,2,"2022-2"
6529.5,2022,2,15,17.315956,2,"2022-2"
6530,2022,2,16,17.828661,2,"2022-2"
6530.5,2022,2,16,18.314018,2,"2022-2"
6531,2022,2,17,18.769029,2,"2022-2"
6531.5,2022,2,17,19.191938,2,"2022-2"
6532,2022,2,18,19.581731,2,"2022-2"
6532.5,2022,2,18,19.937507,2,"2022-2"
6533,2022,2,19,20.257787,2,"2022-2"
6533.5,2022,2,19,20.539845,2,"2022-2"
6534,2022,2,20,20.779176,2,"2022-2"
6534.5,2022,2,20,20.969201,2,"2022-2"
6535,2022,2,21,21.101327,2,"2022-2"
6535.5,2022,2,21,21.165421,2,"2022-2"
6536,2022,2,22,21.150729,2,"2022-2"
6536.5,2022,2,22,21.04719,2,"2022-2"
6537,2022,2,23,20.847032,2,"2022-2"
6537.5,2022,2,23,20.546484,2,"2022-2"
6538,2022,2,24,20.147361,2,"2022-2"
6538.5,2022,2,24,19.658297,2,"2022-2"
6539,2022,2,25,19.095385,2,"2022-2"
6539.5,2022,2,25,18.482065,2,"2022-2"
6540,2022,2,26,17.848153,2,"2022-2"
6540.5,2022,2,26,17.228033,2,"2022-2"
6541,2022,2,27,16.65813,2,"2022-2"
6541.5,2022,2,27,16.173905,2,"2022-2"
6542,2022,2,28,15.806658,2,"2022-2"
6542.5,2022,2,28,15.580507,2,"2022-2"
6543,2022,3,1,15.509876,2,"2022-2"
6543.5,2022,3,1,15.597811,2,"2022-2"
6544,2022,3,2,15.835315,2,"2022-2"
6544.5,2022,3,2,16.201841,2,"2022-2"
6545,2022,3,3,16.666886,2,"2022-2"
6545.5,2022,3,3,17.192557,2,"2022-2"
6546,2022,3,4,17.736845,2,"2022-2"
6546.5,2022,3,4,18.257273,2,"2022-2"
6547,2022,3,5,18.714541,2,"2022-2"
6547.5,2022,3,5,19.075813,2,"2022-2"
6548,2022,3,6,19.31731,2,"2022-2"
6548.5,2022,3,6,19.425984,2,"2022-2"
6549,2022,3,7,19.400137,2,"2022-2"
6549.5,2022,3,7,19.248969,2,"2022-2"
6550,2022,3,8,18.991168,2,"2022-2"
6550.5,2022,3,8,18.652715,2,"2022-2"
6551,2022,3,9,18.264201,2,"2022-2"
6551.5,2022,3,9,17.857926,2,"2022-2"
6552,2022,3,10,17.465084,2,"2022-2"
6552.5,2022,3,10,17.113296,2,"2022-2"
6553,2022,3,11,16.824671,2,"2022-2"
6553.5,2022,3,11,16.614536,2,"2022-2"
6554,2022,3,12,16.490851,2,"2022-2"
6554.5,2022,3,12,16.454307,2,"2022-2"
6555,2022,3,13,16.498992,2,"2022-2"
6555.5,2022,3,13,16.613506,2,"2022-2"
6556,2022,3,14,16.782357,2,"2022-2"
6556.5,2022,3,14,16.98749,2,"2022-2"
6557,2022,3,15,17.20978,2,"2022-2"
6557.5,2022,3,15,17.430393,2,"2022-2"
6558,2022,3,16,17.631905,2,"2022-2"
6558.5,2022,3,16,17.799156,2,"2022-2"
6559,2022,3,17,17.919819,2,"2022-2"
6559.5,2022,3,17,17.984708,2,"2022-2"
6560,2022,3,18,17.987886,2,"2022-2"
6560.5,2022,3,18,17.926617,2,"2022-2"
6561,2022,3,19,17.801226,2,"2022-2"
6561.5,2022,3,19,17.614909,2,"2022-2"
6562,2022,3,20,17.373532,2,"2022-2"
6562.5,2022,3,20,17.085409,2,"2022-2"
6563,2022,3,21,16.761067,2,"2022-2"
6563.5,2022,3,21,16.412958,2,"2022-2"
6564,2022,3,22,16.055081,2,"2022-2"
6564.5,2022,3,22,15.702492,2,"2022-2"
6565,2022,3,23,15.370652,2,"2022-2"
6565.5,2022,3,23,15.074619,2,"2022-2"
6566,2022,3,24,14.828101,2,"2022-2"
6566.5,2022,3,24,14.642406,2,"2022-2"
6567,2022,3,25,14.525389,2,"2022-2"
6567.5,2022,3,25,14.480496,2,"2022-2"
6568,2022,3,26,14.506039,2,"2022-2"
6568.5,2022,3,26,14.594848,2,"2022-2"
6569,2022,3,27,14.734388,2,"2022-2"
6569.5,2022,3,27,14.907437,2,"2022-2"
6570,2022,3,28,15.093308,2,"2022-2"
6570.5,2022,3,28,15.269558,2,"2022-2"
6571,2022,3,29,15.414033,2,"2022-2"
6571.5,2022,3,29,15.507029,2,"2022-2"
6572,2022,3,30,15.533319,2,"2022-2"
6572.5,2022,3,30,15.483797,2,"2022-2"
6573,2022,3,31,15.356504,2,"2022-2"
6573.5,2022,3,31,15.156889,2,"2022-2"
6574,2022,4,1,14.897242,3,"2022-3"
6574.5,2022,4,1,14.595355,3,"2022-3"
6575,2022,4,2,14.272553,3,"2022-3"
6575.5,2022,4,2,13.951346,3,"2022-3"
6576,2022,4,3,13.652992,3,"2022-3"
6576.5,2022,4,3,13.395277,3,"2022-3"
6577,2022,4,4,13.190778,3,"2022-3"
6577.5,2022,4,4,13.045827,3,"2022-3"
6578,2022,4,5,12.960266,3,"2022-3"
6578.5,2022,4,5,12.927985,3,"2022-3"
6579,2022,4,6,12.938149,3,"2022-3"
6579.5,2022,4,6,12.976891,3,"2022-3"
6580,2022,4,7,13.029265,3,"2022-3"
6580.5,2022,4,7,13.081172,3,"2022-3"
6581,2022,4,8,13.121046,3,"2022-3"
6581.5,2022,4,8,13.141118,3,"2022-3"
6582,2022,4,9,13.138145,3,"2022-3"
6582.5,2022,4,9,13.113562,3,"2022-3"
6583,2022,4,10,13.073098,3,"2022-3"
6583.5,2022,4,10,13.025945,3,"2022-3"
6584,2022,4,11,12.983594,3,"2022-3"
6584.5,2022,4,11,12.958499,3,"2022-3"
6585,2022,4,12,12.962695,3,"2022-3"
6585.5,2022,4,12,13.006502,3,"2022-3"
6586,2022,4,13,13.097411,3,"2022-3"
6586.5,2022,4,13,13.239224,3,"2022-3"
6587,2022,4,14,13.43149,3,"2022-3"
6587.5,2022,4,14,13.669256,3,"2022-3"
6588,2022,4,15,13.943132,3,"2022-3"
6588.5,2022,4,15,14.23966,3,"2022-3"
6589,2022,4,16,14.541953,3,"2022-3"
6589.5,2022,4,16,14.830582,3,"2022-3"
6590,2022,4,17,15.084648,3,"2022-3"
6590.5,2022,4,17,15.283009,3,"2022-3"
6591,2022,4,18,15.40558,3,"2022-3"
6591.5,2022,4,18,15.434651,3,"2022-3"
6592,2022,4,19,15.356148,3,"2022-3"
6592.5,2022,4,19,15.160749,3,"2022-3"
6593,2022,4,20,14.844814,3,"2022-3"
6593.5,2022,4,20,14.41103,3,"2022-3"
6594,2022,4,21,13.868754,3,"2022-3"
6594.5,2022,4,21,13.233984,3,"2022-3"
6595,2022,4,22,12.528962,3,"2022-3"
6595.5,2022,4,22,11.781385,3,"2022-3"
6596,2022,4,23,11.023248,3,"2022-3"
6596.5,2022,4,23,10.289353,3,"2022-3"
6597,2022,4,24,9.6155495,3,"2022-3"
6597.5,2022,4,24,9.0367925,3,"2022-3"
6598,2022,4,25,8.5851353,3,"2022-3"
6598.5,2022,4,25,8.287787,3,"2022-3"
6599,2022,4,26,8.1653811,3,"2022-3"
6599.5,2022,4,26,8.2305935,3,"2022-3"
6600,2022,4,27,8.4872323,3,"2022-3"
6600.5,2022,4,27,8.9298838,3,"2022-3"
6601,2022,4,28,9.5441554,3,"2022-3"
6601.5,2022,4,28,10.307499,3,"2022-3"
6602,2022,4,29,11.190541,3,"2022-3"
6602.5,2022,4,29,12.158811,3,"2022-3"
6603,2022,4,30,13.174692,3,"2022-3"
6603.5,2022,4,30,14.199451,3,"2022-3"
6604,2022,5,1,15.195143,3,"2022-3"
6604.5,2022,5,1,16.126279,3,"2022-3"
6605,2022,5,2,16.961116,3,"2022-3"
6605.5,2022,5,2,17.672539,3,"2022-3"
6606,2022,5,3,18.238524,3,"2022-3"
6606.5,2022,5,3,18.642258,3,"2022-3"
6607,2022,5,4,18.871996,3,"2022-3"
6607.5,2022,5,4,18.92081,3,"2022-3"
6608,2022,5,5,18.786332,3,"2022-3"
6608.5,2022,5,5,18.47061,3,"2022-3"
6609,2022,5,6,17.980135,3,"2022-3"
6609.5,2022,5,6,17.326036,3,"2022-3"
6610,2022,5,7,16.524392,3,"2022-3"
6610.5,2022,5,7,15.59654,3,"2022-3"
6611,2022,5,8,14.569249,3,"2022-3"
6611.5,2022,5,8,13.474588,3,"2022-3"
6612,2022,5,9,12.349361,3,"2022-3"
6612.5,2022,5,9,11.234019,3,"2022-3"
6613,2022,5,10,10.17104,3,"2022-3"
6613.5,2022,5,10,9.2028246,3,"2022-3"
6614,2022,5,11,8.3692621,3,"2022-3"
6614.5,2022,5,11,7.705169,3,"2022-3"
6615,2022,5,12,7.2378433,3,"2022-3"
6615.5,2022,5,12,6.984989,3,"2022-3"
6616,2022,5,13,6.9532364,3,"2022-3"
6616.5,2022,5,13,7.1374298,3,"2022-3"
6617,2022,5,14,7.5207776,3,"2022-3"
6617.5,2022,5,14,8.0758762,3,"2022-3"
6618,2022,5,15,8.7665285,3,"2022-3"
6618.5,2022,5,15,9.5502092,3,"2022-3"
6619,2022,5,16,10.380969,3,"2022-3"
6619.5,2022,5,16,11.212541,3,"2022-3"
6620,2022,5,17,12.001396,3,"2022-3"
6620.5,2022,5,17,12.709523,3,"2022-3"
6621,2022,5,18,13.306726,3,"2022-3"
6621.5,2022,5,18,13.77228,3,"2022-3"
6622,2022,5,19,14.095863,3,"2022-3"
6622.5,2022,5,19,14.2777,3,"2022-3"
6623,2022,5,20,14.327953,3,"2022-3"
6623.5,2022,5,20,14.265422,3,"2022-3"
6624,2022,5,21,14.11567,3,"2022-3"
6624.5,2022,5,21,13.908739,3,"2022-3"
6625,2022,5,22,13.676628,3,"2022-3"
6625.5,2022,5,22,13.450739,3,"2022-3"
6626,2022,5,23,13.259477,3,"2022-3"
6626.5,2022,5,23,13.126189,3,"2022-3"
6627,2022,5,24,13.067584,3,"2022-3"
6627.5,2022,5,24,13.092728,3,"2022-3"
6628,2022,5,25,13.202668,3,"2022-3"
6628.5,2022,5,25,13.39069,3,"2022-3"
6629,2022,5,26,13.643146,3,"2022-3"
6629.5,2022,5,26,13.94078,3,"2022-3"
6630,2022,5,27,14.26042,3,"2022-3"
6630.5,2022,5,27,14.576906,3,"2022-3"
6631,2022,5,28,14.865098,3,"2022-3"
6631.5,2022,5,28,15.101824,3,"2022-3"
6632,2022,5,29,15.267609,3,"2022-3"
6632.5,2022,5,29,15.348077,3,"2022-3"
6633,2022,5,30,15.334905,3,"2022-3"
6633.5,2022,5,30,15.226295,3,"2022-3"
6634,2022,5,31,15.026917,3,"2022-3"
6634.5,2022,5,31,14.747378,3,"2022-3"
6635,2022,6,1,14.403273,3,"2022-3"
6635.5,2022,6,1,14.013938,3,"2022-3"
6636,2022,6,2,13.601019,3,"2022-3"
6636.5,2022,6,2,13.187004,3,"2022-3"
6637,2022,6,3,12.793839,3,"2022-3"
6637.5,2022,6,3,12.441713,3,"2022-3"
6638,2022,6,4,12.148097,3,"2022-3"
6638.5,2022,6,4,11.927052,3,"2022-3"
6639,2022,6,5,11.788807,3,"2022-3"
6639.5,2022,6,5,11.739588,3,"2022-3"
6640,2022,6,6,11.781644,3,"2022-3"
6640.5,2022,6,6,11.913427,3,"2022-3"
6641,2022,6,7,12.129891,3,"2022-3"
6641.5,2022,6,7,12.422877,3,"2022-3"
6642,2022,6,8,12.781562,3,"2022-3"
6642.5,2022,6,8,13.192972,3,"2022-3"
6643,2022,6,9,13.642556,3,"2022-3"
6643.5,2022,6,9,14.114825,3,"2022-3"
6644,2022,6,10,14.59404,3,"2022-3"
6644.5,2022,6,10,15.064946,3,"2022-3"
6645,2022,6,11,15.513504,3,"2022-3"
6645.5,2022,6,11,15.927594,3,"2022-3"
6646,2022,6,12,16.297623,3,"2022-3"
6646.5,2022,6,12,16.616996,3,"2022-3"
6647,2022,6,13,16.882388,3,"2022-3"
6647.5,2022,6,13,17.093795,3,"2022-3"
6648,2022,6,14,17.254335,3,"2022-3"
6648.5,2022,6,14,17.369822,3,"2022-3"
6649,2022,6,15,17.448128,3,"2022-3"
6649.5,2022,6,15,17.498411,3,"2022-3"
6650,2022,6,16,17.530263,3,"2022-3"
6650.5,2022,6,16,17.552864,3,"2022-3"
6651,2022,6,17,17.574224,3,"2022-3"
6651.5,2022,6,17,17.600574,3,"2022-3"
6652,2022,6,18,17.635961,3,"2022-3"
6652.5,2022,6,18,17.682071,3,"2022-3"
6653,2022,6,19,17.738289,3,"2022-3"
6653.5,2022,6,19,17.801972,3,"2022-3"
6654,2022,6,20,17.868894,3,"2022-3"
6654.5,2022,6,20,17.933825,3,"2022-3"
6655,2022,6,21,17.991166,3,"2022-3"
6655.5,2022,6,21,18.035601,3,"2022-3"
6656,2022,6,22,18.062689,3,"2022-3"
6656.5,2022,6,22,18.06936,3,"2022-3"
6657,2022,6,23,18.054279,3,"2022-3"
6657.5,2022,6,23,18.018045,3,"2022-3"
6658,2022,6,24,17.963238,3,"2022-3"
6658.5,2022,6,24,17.894295,3,"2022-3"
6659,2022,6,25,17.817259,3,"2022-3"
6659.5,2022,6,25,17.739394,3,"2022-3"
6660,2022,6,26,17.668717,3,"2022-3"
6660.5,2022,6,26,17.613448,3,"2022-3"
6661,2022,6,27,17.581438,3,"2022-3"
6661.5,2022,6,27,17.579572,3,"2022-3"
6662,2022,6,28,17.613225,3,"2022-3"
6662.5,2022,6,28,17.685782,3,"2022-3"
6663,2022,6,29,17.798276,3,"2022-3"
6663.5,2022,6,29,17.949197,3,"2022-3"
6664,2022,6,30,18.134492,3,"2022-3"
6664.5,2022,6,30,18.347773,3,"2022-3"
6665,2022,7,1,18.58076,3,"2022-3"
6665.5,2022,7,1,18.823905,3,"2022-3"
6666,2022,7,2,19.067189,3,"2022-3"
6666.5,2022,7,2,19.300998,3,"2022-3"
6667,2022,7,3,19.517016,3,"2022-3"
6667.5,2022,7,3,19.709036,3,"2022-3"
6668,2022,7,4,19.873597,3,"2022-3"
6668.5,2022,7,4,20.010377,3,"2022-3"
6669,2022,7,5,20.122272,3,"2022-3"
6669.5,2022,7,5,20.215152,3,"2022-3"
6670,2022,7,6,20.297284,3,"2022-3"
6670.5,2022,7,6,20.378482,3,"2022-3"
6671,2022,7,7,20.46905,3,"2022-3"
6671.5,2022,7,7,20.578613,3,"2022-3"
6672,2022,7,8,20.714952,3,"2022-3"
6672.5,2022,7,8,20.882956,3,"2022-3"
6673,2022,7,9,21.083784,3,"2022-3"
6673.5,2022,7,9,21.31435,3,"2022-3"
6674,2022,7,10,21.567169,3,"2022-3"
6674.5,2022,7,10,21.830615,3,"2022-3"
6675,2022,7,11,22.089598,3,"2022-3"
6675.5,2022,7,11,22.326605,3,"2022-3"
6676,2022,7,12,22.52306,3,"2022-3"
6676.5,2022,7,12,22.660901,3,"2022-3"
6677,2022,7,13,22.724236,3,"2022-3"
6677.5,2022,7,13,22.700954,3,"2022-3"
6678,2022,7,14,22.58413,3,"2022-3"
6678.5,2022,7,14,22.37308,3,"2022-3"
6679,2022,7,15,22.073936,3,"2022-3"
6679.5,2022,7,15,21.69965,3,"2022-3"
6680,2022,7,16,21.269386,3,"2022-3"
6680.5,2022,7,16,20.807304,3,"2022-3"
6681,2022,7,17,20.340836,3,"2022-3"
6681.5,2022,7,17,19.898568,3,"2022-3"
6682,2022,7,18,19.507945,3,"2022-3"
6682.5,2022,7,18,19.193001,3,"2022-3"
6683,2022,7,19,18.972337,3,"2022-3"
6683.5,2022,7,19,18.857564,3,"2022-3"
6684,2022,7,20,18.852348,3,"2022-3"
6684.5,2022,7,20,18.952156,3,"2022-3"
6685,2022,7,21,19.144709,3,"2022-3"
6685.5,2022,7,21,19.411083,3,"2022-3"
6686,2022,7,22,19.727321,3,"2022-3"
6686.5,2022,7,22,20.066389,3,"2022-3"
6687,2022,7,23,20.400275,3,"2022-3"
6687.5,2022,7,23,20.702035,3,"2022-3"
6688,2022,7,24,20.947632,3,"2022-3"
6688.5,2022,7,24,21.11743,3,"2022-3"
6689,2022,7,25,21.19728,3,"2022-3"
6689.5,2022,7,25,21.17917,3,"2022-3"
6690,2022,7,26,21.06144,3,"2022-3"
6690.5,2022,7,26,20.848627,3,"2022-3"
6691,2022,7,27,20.550978,3,"2022-3"
6691.5,2022,7,27,20.183699,3,"2022-3"
6692,2022,7,28,19.765988,3,"2022-3"
6692.5,2022,7,28,19.319907,3,"2022-3"
6693,2022,7,29,18.869119,3,"2022-3"
6693.5,2022,7,29,18.437541,3,"2022-3"
6694,2022,7,30,18.047961,3,"2022-3"
6694.5,2022,7,30,17.720684,3,"2022-3"
6695,2022,7,31,17.472293,3,"2022-3"
6695.5,2022,7,31,17.314612,3,"2022-3"
6696,2022,8,1,17.25397,4,"2022-4"
6696.5,2022,8,1,17.290836,4,"2022-4"
6697,2022,8,2,17.419874,4,"2022-4"
6697.5,2022,8,2,17.630417,4,"2022-4"
6698,2022,8,3,17.907315,4,"2022-4"
6698.5,2022,8,3,18.232084,4,"2022-4"
6699,2022,8,4,18.584211,4,"2022-4"
6699.5,2022,8,4,18.942502,4,"2022-4"
6700,2022,8,5,19.286334,4,"2022-4"
6700.5,2022,8,5,19.59669,4,"2022-4"
6701,2022,8,6,19.856932,4,"2022-4"
6701.5,2022,8,6,20.053266,4,"2022-4"
6702,2022,8,7,20.174932,4,"2022-4"
6702.5,2022,8,7,20.214193,4,"2022-4"
6703,2022,8,8,20.166195,4,"2022-4"
6703.5,2022,8,8,20.02881,4,"2022-4"
6704,2022,8,9,19.802535,4,"2022-4"
6704.5,2022,8,9,19.49051,4,"2022-4"
6705,2022,8,10,19.098662,4,"2022-4"
6705.5,2022,8,10,18.635956,4,"2022-4"
6706,2022,8,11,18.114664,4,"2022-4"
6706.5,2022,8,11,17.550565,4,"2022-4"
6707,2022,8,12,16.962962,4,"2022-4"
6707.5,2022,8,12,16.374392,4,"2022-4"
6708,2022,8,13,15.809975,4,"2022-4"
6708.5,2022,8,13,15.296355,4,"2022-4"
6709,2022,8,14,14.860256,4,"2022-4"
6709.5,2022,8,14,14.526753,4,"2022-4"
6710,2022,8,15,14.317385,4,"2022-4"
6710.5,2022,8,15,14.248284,4,"2022-4"
6711,2022,8,16,14.328529,4,"2022-4"
6711.5,2022,8,16,14.558889,4,"2022-4"
6712,2022,8,17,14.931124,4,"2022-4"
6712.5,2022,8,17,15.427962,4,"2022-4"
6713,2022,8,18,16.023777,4,"2022-4"
6713.5,2022,8,18,16.685967,4,"2022-4"
6714,2022,8,19,17.376926,4,"2022-4"
6714.5,2022,8,19,18.05648,4,"2022-4"
6715,2022,8,20,18.684567,4,"2022-4"
6715.5,2022,8,20,19.223963,4,"2022-4"
6716,2022,8,21,19.64281,4,"2022-4"
6716.5,2022,8,21,19.916762,4,"2022-4"
6717,2022,8,22,20.03056,4,"2022-4"
6717.5,2022,8,22,19.978926,4,"2022-4"
6718,2022,8,23,19.766737,4,"2022-4"
6718.5,2022,8,23,19.408457,4,"2022-4"
6719,2022,8,24,18.92693,4,"2022-4"
6719.5,2022,8,24,18.351631,4,"2022-4"
6720,2022,8,25,17.716533,4,"2022-4"
6720.5,2022,8,25,17.057782,4,"2022-4"
6721,2022,8,26,16.411335,4,"2022-4"
6721.5,2022,8,26,15.810741,4,"2022-4"
6722,2022,8,27,15.285212,4,"2022-4"
6722.5,2022,8,27,14.858059,4,"2022-4"
6723,2022,8,28,14.545602,4,"2022-4"
6723.5,2022,8,28,14.356546,4,"2022-4"
6724,2022,8,29,14.29184,4,"2022-4"
6724.5,2022,8,29,14.344987,4,"2022-4"
6725,2022,8,30,14.502739,4,"2022-4"
6725.5,2022,8,30,14.746134,4,"2022-4"
6726,2022,8,31,15.05179,4,"2022-4"
6726.5,2022,8,31,15.393396,4,"2022-4"
6727,2022,9,1,15.743307,4,"2022-4"
6727.5,2022,9,1,16.074195,4,"2022-4"
6728,2022,9,2,16.360648,4,"2022-4"
6728.5,2022,9,2,16.58066,4,"2022-4"
6729,2022,9,3,16.716913,4,"2022-4"
6729.5,2022,9,3,16.757786,4,"2022-4"
6730,2022,9,4,16.698009,4,"2022-4"
6730.5,2022,9,4,16.538936,4,"2022-4"
6731,2022,9,5,16.288382,4,"2022-4"
6731.5,2022,9,5,15.960051,4,"2022-4"
6732,2022,9,6,15.572572,4,"2022-4"
6732.5,2022,9,6,15.148212,4,"2022-4"
6733,2022,9,7,14.711361,4,"2022-4"
6733.5,2022,9,7,14.286881,4,"2022-4"
6734,2022,9,8,13.898459,4,"2022-4"
6734.5,2022,9,8,13.567073,4,"2022-4"
6735,2022,9,9,13.30969,4,"2022-4"
6735.5,2022,9,9,13.138296,4,"2022-4"
6736,2022,9,10,13.059317,4,"2022-4"
6736.5,2022,9,10,13.073473,4,"2022-4"
6737,2022,9,11,13.176055,4,"2022-4"
6737.5,2022,9,11,13.357583,4,"2022-4"
6738,2022,9,12,13.604778,4,"2022-4"
6738.5,2022,9,12,13.901733,4,"2022-4"
6739,2022,9,13,14.231161,4,"2022-4"
6739.5,2022,9,13,14.575626,4,"2022-4"
6740,2022,9,14,14.918613,4,"2022-4"
6740.5,2022,9,14,15.245383,4,"2022-4"
6741,2022,9,15,15.543556,4,"2022-4"
6741.5,2022,9,15,15.803423,4,"2022-4"
6742,2022,9,16,16.01801,4,"2022-4"
6742.5,2022,9,16,16.182963,4,"2022-4"
6743,2022,9,17,16.296335,4,"2022-4"
6743.5,2022,9,17,16.358345,4,"2022-4"
6744,2022,9,18,16.371181,4,"2022-4"
6744.5,2022,9,18,16.338887,4,"2022-4"
6745,2022,9,19,16.267327,4,"2022-4"
6745.5,2022,9,19,16.164188,4,"2022-4"
6746,2022,9,20,16.038966,4,"2022-4"
6746.5,2022,9,20,15.902815,4,"2022-4"
6747,2022,9,21,15.768208,4,"2022-4"
6747.5,2022,9,21,15.648314,4,"2022-4"
6748,2022,9,22,15.556098,4,"2022-4"
6748.5,2022,9,22,15.50318,4,"2022-4"
6749,2022,9,23,15.498559,4,"2022-4"
6749.5,2022,9,23,15.547367,4,"2022-4"
6750,2022,9,24,15.649834,4,"2022-4"
6750.5,2022,9,24,15.800657,4,"2022-4"
6751,2022,9,25,15.988916,4,"2022-4"
6751.5,2022,9,25,16.198623,4,"2022-4"
6752,2022,9,26,16.409909,4,"2022-4"
6752.5,2022,9,26,16.600741,4,"2022-4"
6753,2022,9,27,16.749023,4,"2022-4"
6753.5,2022,9,27,16.834825,4,"2022-4"
6754,2022,9,28,16.842509,4,"2022-4"
6754.5,2022,9,28,16.762493,4,"2022-4"
6755,2022,9,29,16.592464,4,"2022-4"
6755.5,2022,9,29,16.337889,4,"2022-4"
6756,2022,9,30,16.011803,4,"2022-4"
6756.5,2022,9,30,15.633872,4,"2022-4"
6757,2022,10,1,15.228857,4,"2022-4"
6757.5,2022,10,1,14.824631,4,"2022-4"
6758,2022,10,2,14.44993,4,"2022-4"
6758.5,2022,10,2,14.132056,4,"2022-4"
6759,2022,10,3,13.894713,4,"2022-4"
6759.5,2022,10,3,13.756174,4,"2022-4"
6760,2022,10,4,13.727897,4,"2022-4"
6760.5,2022,10,4,13.81372,4,"2022-4"
6761,2022,10,5,14.009664,4,"2022-4"
6761.5,2022,10,5,14.304359,4,"2022-4"
6762,2022,10,6,14.680032,4,"2022-4"
6762.5,2022,10,6,15.11396,4,"2022-4"
6763,2022,10,7,15.580247,4,"2022-4"
6763.5,2022,10,7,16.051777,4,"2022-4"
6764,2022,10,8,16.502156,4,"2022-4"
6764.5,2022,10,8,16.9075,4,"2022-4"
6765,2022,10,9,17.247924,4,"2022-4"
6765.5,2022,10,9,17.508635,4,"2022-4"
6766,2022,10,10,17.68057,4,"2022-4"
6766.5,2022,10,10,17.760571,4,"2022-4"
6767,2022,10,11,17.751127,4,"2022-4"
6767.5,2022,10,11,17.659737,4,"2022-4"
6768,2022,10,12,17.497999,4,"2022-4"
6768.5,2022,10,12,17.280497,4,"2022-4"
6769,2022,10,13,17.023598,4,"2022-4"
6769.5,2022,10,13,16.744246,4,"2022-4"
6770,2022,10,14,16.45883,4,"2022-4"
6770.5,2022,10,14,16.182184,4,"2022-4"
6771,2022,10,15,15.926791,4,"2022-4"
6771.5,2022,10,15,15.70221,4,"2022-4"
6772,2022,10,16,15.514769,4,"2022-4"
6772.5,2022,10,16,15.367519,4,"2022-4"
6773,2022,10,17,15.260449,4,"2022-4"
6773.5,2022,10,17,15.190911,4,"2022-4"
6774,2022,10,18,15.154229,4,"2022-4"
6774.5,2022,10,18,15.144389,4,"2022-4"
6775,2022,10,19,15.154768,4,"2022-4"
6775.5,2022,10,19,15.178793,4,"2022-4"
6776,2022,10,20,15.210494,4,"2022-4"
6776.5,2022,10,20,15.244883,4,"2022-4"
6777,2022,10,21,15.278152,4,"2022-4"
6777.5,2022,10,21,15.307682,4,"2022-4"
6778,2022,10,22,15.331906,4,"2022-4"
6778.5,2022,10,22,15.350054,4,"2022-4"
6779,2022,10,23,15.361862,4,"2022-4"
6779.5,2022,10,23,15.367293,4,"2022-4"
6780,2022,10,24,15.366348,4,"2022-4"
6780.5,2022,10,24,15.359002,4,"2022-4"
6781,2022,10,25,15.345307,4,"2022-4"
6781.5,2022,10,25,15.325635,4,"2022-4"
6782,2022,10,26,15.301045,4,"2022-4"
6782.5,2022,10,26,15.273697,4,"2022-4"
6783,2022,10,27,15.247214,4,"2022-4"
6783.5,2022,10,27,15.226903,4,"2022-4"
6784,2022,10,28,15.219743,4,"2022-4"
6784.5,2022,10,28,15.234061,4,"2022-4"
6785,2022,10,29,15.278877,4,"2022-4"
6785.5,2022,10,29,15.362957,4,"2022-4"
6786,2022,10,30,15.493629,4,"2022-4"
6786.5,2022,10,30,15.675525,4,"2022-4"
6787,2022,10,31,15.909383,4,"2022-4"
6787.5,2022,10,31,16.191111,4,"2022-4"
6788,2022,11,1,16.511275,4,"2022-4"
6788.5,2022,11,1,16.855134,4,"2022-4"
6789,2022,11,2,17.203313,4,"2022-4"
6789.5,2022,11,2,17.533106,4,"2022-4"
6790,2022,11,3,17.820335,4,"2022-4"
6790.5,2022,11,3,18.041613,4,"2022-4"
6791,2022,11,4,18.176781,4,"2022-4"
6791.5,2022,11,4,18.211266,4,"2022-4"
6792,2022,11,5,18.138061,4,"2022-4"
6792.5,2022,11,5,17.959098,4,"2022-4"
6793,2022,11,6,17.685765,4,"2022-4"
6793.5,2022,11,6,17.338483,4,"2022-4"
6794,2022,11,7,16.945297,4,"2022-4"
6794.5,2022,11,7,16.539599,4,"2022-4"
6795,2022,11,8,16.157183,4,"2022-4"
6795.5,2022,11,8,15.832958,4,"2022-4"
6796,2022,11,9,15.597659,4,"2022-4"
6796.5,2022,11,9,15.47496,4,"2022-4"
6797,2022,11,10,15.479309,4,"2022-4"
6797.5,2022,11,10,15.614739,4,"2022-4"
6798,2022,11,11,15.874784,4,"2022-4"
6798.5,2022,11,11,16.243491,4,"2022-4"
6799,2022,11,12,16.697358,4,"2022-4"
6799.5,2022,11,12,17.207958,4,"2022-4"
6800,2022,11,13,17.744898,4,"2022-4"
6800.5,2022,11,13,18.278749,4,"2022-4"
6801,2022,11,14,18.783635,4,"2022-4"
6801.5,2022,11,14,19.239172,4,"2022-4"
6802,2022,11,15,19.631621,4,"2022-4"
6802.5,2022,11,15,19.954146,4,"2022-4"
6803,2022,11,16,20.206259,4,"2022-4"
6803.5,2022,11,16,20.392562,4,"2022-4"
6804,2022,11,17,20.521012,4,"2022-4"
6804.5,2022,11,17,20.600976,4,"2022-4"
6805,2022,11,18,20.641343,4,"2022-4"
6805.5,2022,11,18,20.648941,4,"2022-4"
6806,2022,11,19,20.627481,4,"2022-4"
6806.5,2022,11,19,20.577135,4,"2022-4"
6807,2022,11,20,20.494804,4,"2022-4"
6807.5,2022,11,20,20.375005,4,"2022-4"
6808,2022,11,21,20.211263,4,"2022-4"
6808.5,2022,11,21,19.997774,4,"2022-4"
6809,2022,11,22,19.731128,4,"2022-4"
6809.5,2022,11,22,19.411824,4,"2022-4"
6810,2022,11,23,19.045363,4,"2022-4"
6810.5,2022,11,23,18.642755,4,"2022-4"
6811,2022,11,24,18.220322,4,"2022-4"
6811.5,2022,11,24,17.798811,4,"2022-4"
6812,2022,11,25,17.401856,4,"2022-4"
6812.5,2022,11,25,17.053945,4,"2022-4"
6813,2022,11,26,16.778086,4,"2022-4"
6813.5,2022,11,26,16.593386,4,"2022-4"
6814,2022,11,27,16.512806,4,"2022-4"
6814.5,2022,11,27,16.541291,4,"2022-4"
6815,2022,11,28,16.674482,4,"2022-4"
6815.5,2022,11,28,16.898154,4,"2022-4"
6816,2022,11,29,17.188464,4,"2022-4"
6816.5,2022,11,29,17.513026,4,"2022-4"
6817,2022,11,30,17.832769,4,"2022-4"
6817.5,2022,11,30,18.104469,4,"2022-4"
6818,2022,12,1,18.283771,5,"2022-5"
6818.5,2022,12,1,18.32849,5,"2022-5"
6819,2022,12,2,18.201925,5,"2022-5"
6819.5,2022,12,2,17.87591,5,"2022-5"
6820,2022,12,3,17.333344,5,"2022-5"
6820.5,2022,12,3,16.569957,5,"2022-5"
6821,2022,12,4,15.595129,5,"2022-5"
6821.5,2022,12,4,14.431679,5,"2022-5"
6822,2022,12,5,13.114602,5,"2022-5"
6822.5,2022,12,5,11.688845,5,"2022-5"
6823,2022,12,6,10.206308,5,"2022-5"
6823.5,2022,12,6,8.7223152,5,"2022-5"
6824,2022,12,7,7.2918586,5,"2022-5"
6824.5,2022,12,7,5.9659355,5,"2022-5"
6825,2022,12,8,4.7882802,5,"2022-5"
6825.5,2022,12,8,3.7927559,5,"2022-5"
6826,2022,12,9,3.0016023,5,"2022-5"
6826.5,2022,12,9,2.4246567,5,"2022-5"
6827,2022,12,10,2.0595747,5,"2022-5"
6827.5,2022,12,10,1.8929919,5,"2022-5"
6828,2022,12,11,1.9024919,5,"2022-5"
6828.5,2022,12,11,2.0591799,5,"2022-5"
6829,2022,12,12,2.3306186,5,"2022-5"
6829.5,2022,12,12,2.6838587,5,"2022-5"
6830,2022,12,13,3.0882921,5,"2022-5"
6830.5,2022,12,13,3.5180779,5,"2022-5"
6831,2022,12,14,3.9539334,5,"2022-5"
6831.5,2022,12,14,4.3841443,5,"2022-5"
6832,2022,12,15,4.8047299,5,"2022-5"
6832.5,2022,12,15,5.2187804,5,"2022-5"
6833,2022,12,16,5.6350745,5,"2022-5"
6833.5,2022,12,16,6.0661564,5,"2022-5"
6834,2022,12,17,6.5261062,5,"2022-5"
6834.5,2022,12,17,7.0282677,5,"2022-5"
6835,2022,12,18,7.5831905,5,"2022-5"
6835.5,2022,12,18,8.1970111,5,"2022-5"
6836,2022,12,19,8.8704371,5,"2022-5"
6836.5,2022,12,19,9.5984194,5,"2022-5"
6837,2022,12,20,10.37051,5,"2022-5"
6837.5,2022,12,20,11.171826,5,"2022-5"
6838,2022,12,21,11.984454,5,"2022-5"
6838.5,2022,12,21,12.789117,5,"2022-5"
6839,2022,12,22,13.56686,5,"2022-5"
6839.5,2022,12,22,14.300568,5,"2022-5"
6840,2022,12,23,14.97614,5,"2022-5"
6840.5,2022,12,23,15.583214,5,"2022-5"
6841,2022,12,24,16.115403,5,"2022-5"
6841.5,2022,12,24,16.570094,5,"2022-5"
6842,2022,12,25,16.947899,5,"2022-5"
6842.5,2022,12,25,17.251886,5,"2022-5"
6843,2022,12,26,17.486773,5,"2022-5"
6843.5,2022,12,26,17.658178,5,"2022-5"
6844,2022,12,27,17.772049,5,"2022-5"
6844.5,2022,12,27,17.834304,5,"2022-5"
6845,2022,12,28,17.850664,5,"2022-5"
6845.5,2022,12,28,17.826638,5,"2022-5"
6846,2022,12,29,17.767582,5,"2022-5"
6846.5,2022,12,29,17.678765,5,"2022-5"
6847,2022,12,30,17.565375,5,"2022-5"
6847.5,2022,12,30,17.432475,5,"2022-5"
6848,2022,12,31,17.284867,5,"2022-5"
6848.5,2022,12,31,17.126943,5,"2022-5"
6849,2023,1,1,16.962516,2,"2023-2"
6849.5,2023,1,1,16.794704,2,"2023-2"
6850,2023,1,2,16.625881,2,"2023-2"
6850.5,2023,1,2,16.457716,2,"2023-2"
6851,2023,1,3,16.291295,2,"2023-2"
6851.5,2023,1,3,16.127313,2,"2023-2"
6852,2023,1,4,15.966306,2,"2023-2"
6852.5,2023,1,4,15.808881,2,"2023-2"
6853,2023,1,5,15.655903,2,"2023-2"
6853.5,2023,1,5,15.508601,2,"2023-2"
6854,2023,1,6,15.368569,2,"2023-2"
6854.5,2023,1,6,15.237638,2,"2023-2"
6855,2023,1,7,15.117645,2,"2023-2"
6855.5,2023,1,7,15.010119,2,"2023-2"
6856,2023,1,8,14.915941,2,"2023-2"
6856.5,2023,1,8,14.835024,2,"2023-2"
6857,2023,1,9,14.766093,2,"2023-2"
6857.5,2023,1,9,14.706595,2,"2023-2"
6858,2023,1,10,14.652791,2,"2023-2"
6858.5,2023,1,10,14.600029,2,"2023-2"
6859,2023,1,11,14.543187,2,"2023-2"
6859.5,2023,1,11,14.477248,2,"2023-2"
6860,2023,1,12,14.397935,2,"2023-2"
6860.5,2023,1,12,14.302339,2,"2023-2"
6861,2023,1,13,14.18944,2,"2023-2"
6861.5,2023,1,13,14.060467,2,"2023-2"
6862,2023,1,14,13.919025,2,"2023-2"
6862.5,2023,1,14,13.770966,2,"2023-2"
6863,2023,1,15,13.624016,2,"2023-2"
6863.5,2023,1,15,13.487197,2,"2023-2"
6864,2023,1,16,13.370111,2,"2023-2"
6864.5,2023,1,16,13.282178,2,"2023-2"
6865,2023,1,17,13.231908,2,"2023-2"
6865.5,2023,1,17,13.226294,2,"2023-2"
6866,2023,1,18,13.270392,2,"2023-2"
6866.5,2023,1,18,13.367113,2,"2023-2"
6867,2023,1,19,13.517247,2,"2023-2"
6867.5,2023,1,19,13.719687,2,"2023-2"
6868,2023,1,20,13.97181,2,"2023-2"
6868.5,2023,1,20,14.269935,2,"2023-2"
6869,2023,1,21,14.609767,2,"2023-2"
6869.5,2023,1,21,14.986773,2,"2023-2"
6870,2023,1,22,15.396384,2,"2023-2"
6870.5,2023,1,22,15.83402,2,"2023-2"
6871,2023,1,23,16.294921,2,"2023-2"
6871.5,2023,1,23,16.773818,2,"2023-2"
6872,2023,1,24,17.264531,2,"2023-2"
6872.5,2023,1,24,17.759588,2,"2023-2"
6873,2023,1,25,18.249963,2,"2023-2"
6873.5,2023,1,25,18.725051,2,"2023-2"
6874,2023,1,26,19.172928,2,"2023-2"
6874.5,2023,1,26,19.580933,2,"2023-2"
6875,2023,1,27,19.936546,2,"2023-2"
6875.5,2023,1,27,20.228484,2,"2023-2"
6876,2023,1,28,20.44789,2,"2023-2"
6876.5,2023,1,28,20.589487,2,"2023-2"
6877,2023,1,29,20.652535,2,"2023-2"
6877.5,2023,1,29,20.641439,2,"2023-2"
6878,2023,1,30,20.565914,2,"2023-2"
6878.5,2023,1,30,20.440599,2,"2023-2"
6879,2023,1,31,20.284136,2,"2023-2"
6879.5,2023,1,31,20.117734,2,"2023-2"
6880,2023,2,1,19.963338,2,"2023-2"
6880.5,2023,2,1,19.841572,2,"2023-2"
